Stadium,Match format,Bowling Hand,Over number,Bowler type,Delivery type,Bowler name,Runs/W
Eden Garden,ODI,Right,17.2,Fast,Straight Seam,Steven Finn,0
Eden Garden,ODI,Right,17.3,Fast,Straight Seam,Steven Finn,0
Eden Garden,ODI,Right,17.4,Fast,Straight Seam,Steven Finn,0
Eden Garden,ODI,Right,17.5,Fast,Straight Seam,Steven Finn,0
Eden Garden,ODI,Right,17.6,Fast,Straight Seam,Steven Finn,W
Cuttack,ODI,Right,4.5,Fast,Straight Seam,KAJ Roach,0
Cuttack,ODI,Right,4.6,Fast,Straight Seam,KAJ Roach,0
Cuttack,ODI,Right,5.5,Fast,Straight Seam,AD Russell,1
Cuttack,ODI,Right,6.1,Fast,Straight Seam,KAJ Roach,2
Cuttack,ODI,Right,6.2,Fast,Straight Seam,KAJ Roach,0
Cuttack,ODI,Right,6.3,Fast,Straight Seam,KAJ Roach,W
Vishakhapatnam,ODI,Right,6.5,Fast,Yorker,Ravi Rampaul,0
Vishakhapatnam,ODI,Right,6.6,Fast,Straight Seam,Ravi Rampaul,0
Vishakhapatnam,ODI,Right,7.4,Fast,Inswinger,Kemar Roach,0
Vishakhapatnam,ODI,Right,7.5,Fast,Inswinger,Kemar Roach,0
Vishakhapatnam,ODI,Right,7.6,Fast,Straight Seam,Kemar Roach,0
Vishakhapatnam,ODI,Right,8.2,Fast,Straight Seam,AD Russell,0
Vishakhapatnam,ODI,Right,8.3,Fast,Straight Seam,AD Russell,0
Vishakhapatnam,ODI,Right,8.4,Fast,Straight Seam,AD Russell,0
Vishakhapatnam,ODI,Right,8.5,Fast,Straight Seam,AD Russell,4
Vishakhapatnam,ODI,Right,8.6,Fast,Straight Seam,AD Russell,1
Vishakhapatnam,ODI,Right,9.1,Fast,Straight Seam,Kemar Roach,0
Vishakhapatnam,ODI,Right,9.2,Fast,Straight Seam,Kemar Roach,4
Vishakhapatnam,ODI,Right,9.3,Fast,Straight Seam,Kemar Roach,0
Vishakhapatnam,ODI,Right,9.4,Fast,Straight Seam,Kemar Roach,4
Vishakhapatnam,ODI,Right,9.5,Fast,Straight Seam,Kemar Roach,0
Vishakhapatnam,ODI,Right,9.6,Fast,Straight Seam,Kemar Roach,0
Vishakhapatnam,ODI,Right,10.2,Fast,Yorker,AD Russell,0
Vishakhapatnam,ODI,Right,10.3,Fast,Inswinger,AD Russell,0
Vishakhapatnam,ODI,Right,10.4,Fast,Straight Seam,AD Russell,0
Vishakhapatnam,ODI,Right,10.5,Fast,Straight Seam,AD Russell,0
Vishakhapatnam,ODI,Right,10.6,Fast,Inswinger,AD Russell,1
Vishakhapatnam,ODI,Right,11.1,Fast,Inswinger,Darren Sammy,1
Vishakhapatnam,ODI,Right,11.3,Fast,Inswinger,Darren Sammy,4
Vishakhapatnam,ODI,Right,11.4,Fast,Outswinger,Darren Sammy,1
Vishakhapatnam,ODI,Right,12.1,Fast,Straight Seam,AD Russell,4
Vishakhapatnam,ODI,Right,12.2,Fast,Straight Seam,AD Russell,0
Vishakhapatnam,ODI,Right,12.3,Fast,Straight Seam,AD Russell,1
Vishakhapatnam,ODI,Right,13.3,Fast,Straight Seam,Darren Sammy,0
Vishakhapatnam,ODI,Right,13.4,Fast,Straight Seam,Darren Sammy,0
Vishakhapatnam,ODI,Right,13.6,Fast,Straight Seam,Darren Sammy,1
Vishakhapatnam,ODI,Right,14.1,Fast,Straight Seam,AD Russell,1
Vishakhapatnam,ODI,Right,14.3,Fast,Straight Seam,AD Russell,0
Vishakhapatnam,ODI,Right,14.4,Fast,Straight Seam,AD Russell,0
Vishakhapatnam,ODI,Right,14.5,Fast,Straight Seam,AD Russell,0
Vishakhapatnam,ODI,Right,14.6,Fast,Straight Seam,AD Russell,4
Vishakhapatnam,ODI,Right,15.2,Fast,Straight Seam,Ravi Rampaul,4
Vishakhapatnam,ODI,Right,15.3,Fast,Straight Seam,Ravi Rampaul,1
Vishakhapatnam,ODI,Right,15.6,Fast,Straight Seam,Ravi Rampaul,1
Vishakhapatnam,ODI,Right,16.1,Spin,Off Spin,MN Samuels,0
Vishakhapatnam,ODI,Right,16.2,Spin,Off Spin,MN Samuels,1
Vishakhapatnam,ODI,Right,16.4,Spin,Off Spin,MN Samuels,1
Vishakhapatnam,ODI,Right,17.1,Fast,Straight Seam,Ravi Rampaul,1
Vishakhapatnam,ODI,Right,18.1,Spin,Off Spin,MN Samuels,0
Vishakhapatnam,ODI,Right,18.2,Spin,Off Spin,MN Samuels,0
Vishakhapatnam,ODI,Right,18.3,Spin,Off Spin,MN Samuels,0
Vishakhapatnam,ODI,Right,18.4,Spin,Off Spin,MN Samuels,1
Vishakhapatnam,ODI,Right,19.1,Fast,Straight Seam,AD Russell,0
Vishakhapatnam,ODI,Right,19.2,Fast,Straight Seam,AD Russell,1
Vishakhapatnam,ODI,Right,19.5,Fast,Straight Seam,AD Russell,0
Vishakhapatnam,ODI,Right,19.6,Fast,Straight Seam,AD Russell,1
Vishakhapatnam,ODI,Right,20.1,Spin,Off Spin,MN Samuels,1
Vishakhapatnam,ODI,Right,20.3,Spin,Off Spin,MN Samuels,0
Vishakhapatnam,ODI,Right,20.4,Spin,Off Spin,MN Samuels,1
Vishakhapatnam,ODI,Right,20.6,Spin,Off Spin,MN Samuels,0
Vishakhapatnam,ODI,Right,21.2,Fast,Straight Seam,AD Russell,1
Vishakhapatnam,ODI,Right,23.1,Fast,Straight Seam,Darren Sammy,1
Vishakhapatnam,ODI,Right,23.4,Fast,Straight Seam,Darren Sammy,1
Vishakhapatnam,ODI,Right,23.6,Fast,Straight Seam,Darren Sammy,1
Vishakhapatnam,ODI,Right,24.1,Spin,off Spin,MN Samuels,0
Vishakhapatnam,ODI,Right,24.2,Spin,off Spin,MN Samuels,0
Vishakhapatnam,ODI,Right,24.3,Spin,off Spin,MN Samuels,1
Vishakhapatnam,ODI,Right,24.5,Spin,off Spin,MN Samuels,2
Vishakhapatnam,ODI,Right,24.6,Spin,off Spin,MN Samuels,1
Vishakhapatnam,ODI,Right,25.1,Fast,Straight Seam,KA Pollard,0
Vishakhapatnam,ODI,Right,25.2,Fast,Straight Seam,KA Pollard,1
Vishakhapatnam,ODI,Right,25.5,Fast,Straight Seam,KA Pollard,1
Vishakhapatnam,ODI,Right,26.2,Spin,Off Spin,MN Samuels,0
Vishakhapatnam,ODI,Right,26.3,Spin,Off Spin,MN Samuels,1
Vishakhapatnam,ODI,Right,26.6,Spin,Off Spin,MN Samuels,1
Vishakhapatnam,ODI,Right,27.1,Fast,Straight Seam,KA Pollard,0
Vishakhapatnam,ODI,Right,27.2,Fast,Straight Seam,KA Pollard,0
Vishakhapatnam,ODI,Right,27.3,Fast,Straight Seam,KA Pollard,2
Vishakhapatnam,ODI,Right,27.4,Fast,Straight Seam,KA Pollard,1
Vishakhapatnam,ODI,Right,27.6,Fast,Straight Seam,KA Pollard,1
Vishakhapatnam,ODI,Right,28.1,Fast,Inswinger,Kemar Roach,0
Vishakhapatnam,ODI,Right,28.2,Fast,Inswinger,Kemar Roach,0
Vishakhapatnam,ODI,Right,28.3,Fast,Straight Seam,Kemar Roach,0
Vishakhapatnam,ODI,Right,28.4,Fast,Straight Seam,Kemar Roach,1
Vishakhapatnam,ODI,Right,29.2,Fast,Straight Seam,KA Pollard,1
Vishakhapatnam,ODI,Right,29.4,Fast,Straight Seam,KA Pollard,1
Vishakhapatnam,ODI,Right,30.1,Fast,Straight Seam,Kemar Roach,1
Vishakhapatnam,ODI,Right,30.3,Fast,Straight Seam,Kemar Roach,0
Vishakhapatnam,ODI,Right,30.4,Fast,Straight Seam,Kemar Roach,1
Vishakhapatnam,ODI,Right,31.2,Fast,Straight Seam,LMP Simmons,1
Vishakhapatnam,ODI,Right,31.5,Fast,Straight Seam,LMP Simmons,0
Vishakhapatnam,ODI,Right,31.6,Fast,Straight Seam,LMP Simmons,0
Vishakhapatnam,ODI,Right,33.4,Fast,Straight Seam,LMP Simmons,1
Vishakhapatnam,ODI,Right,34.3,Fast,Straight Seam,Darren Sammy,0
Vishakhapatnam,ODI,Right,34.4,Fast,Straight Seam,Darren Sammy,1
Vishakhapatnam,ODI,Right,35.3,Fast,Straight Seam,AD Russell,1
Vishakhapatnam,ODI,Right,35.5,Fast,Straight Seam,AD Russell,4
Vishakhapatnam,ODI,Right,35.6,Fast,Straight Seam,AD Russell,1
Vishakhapatnam,ODI,Right,36.1,Spin,Off Spin,MN Samuels,0
Vishakhapatnam,ODI,Right,36.2,Spin,Off Spin,MN Samuels,1
Vishakhapatnam,ODI,Right,36.4,Spin,Off Spin,MN Samuels,4
Vishakhapatnam,ODI,Right,36.5,Spin,Off Spin,MN Samuels,1
Vishakhapatnam,ODI,Right,37.2,Fast,Straight Seam,Ravi Rampaul,1
Vishakhapatnam,ODI,Right,37.5,Fast,Straight Seam,Ravi Rampaul,0
Vishakhapatnam,ODI,Right,37.6,Fast,Straight Seam,Ravi Rampaul,1
Vishakhapatnam,ODI,Right,38.1,Spin,Off Spin,MN Samuels,4
Vishakhapatnam,ODI,Right,38.2,Spin,Off Spin,MN Samuels,1
Vishakhapatnam,ODI,Right,38.5,Spin,Off Spin,MN Samuels,1
Vishakhapatnam,ODI,Right,39.1,Fast,Straight Seam,Ravi Rampaul,0
Vishakhapatnam,ODI,Right,39.2,Fast,Straight Seam,Ravi Rampaul,2
Vishakhapatnam,ODI,Right,39.3,Fast,Straight Seam,Ravi Rampaul,0
Vishakhapatnam,ODI,Right,39.4,Fast,Straight Seam,Ravi Rampaul,0
Vishakhapatnam,ODI,Right,39.5,Fast,Straight Seam,Ravi Rampaul,2
Vishakhapatnam,ODI,Right,39.6,Fast,Straight Seam,Ravi Rampaul,4
Vishakhapatnam,ODI,Right,40.3,Spin,Off Spin,MN Samuels,0
Vishakhapatnam,ODI,Right,40.4,Spin,Off Spin,MN Samuels,0
Vishakhapatnam,ODI,Right,40.5,Spin,Off Spin,MN Samuels,1
Vishakhapatnam,ODI,Right,41.2,Fast,Straight Seam,LMP Simmons,1
Vishakhapatnam,ODI,Right,41.5,Fast,Straight Seam,LMP Simmons,1
Vishakhapatnam,ODI,Right,42.1,Spin,Off Spin,MN Samuels,1
Vishakhapatnam,ODI,Right,42.4,Spin,Off Spin,MN Samuels,0
Vishakhapatnam,ODI,Right,42.6,Spin,Off Spin,MN Samuels,1
Vishakhapatnam,ODI,Right,43.1,Fast,Straight Seam,AD Russell,4
Vishakhapatnam,ODI,Right,43.2,Fast,Straight Seam,AD Russell,1
Vishakhapatnam,ODI,Right,43.4,Fast,Straight Seam,AD Russell,4
Vishakhapatnam,ODI,Right,43.5,Fast,Straight Seam,AD Russell,1
Vishakhapatnam,ODI,Right,44.1,Fast,Straight Seam,Ravi Rampaul,4
Vishakhapatnam,ODI,Right,44.2,Fast,Straight Seam,Ravi Rampaul,1
Vishakhapatnam,ODI,Right,44.6,Fast,Straight Seam,Ravi Rampaul,W
Ahmedabad,ODI,Right,1.3,Fast,Straight Seam,Ravi Rampaul,0
Ahmedabad,ODI,Right,1.4,Fast,Straight Seam,Ravi Rampaul,0
Ahmedabad,ODI,Right,1.5,Fast,Straight Seam,Ravi Rampaul,0
Ahmedabad,ODI,Right,1.6,Fast,Straight Seam,Ravi Rampaul,0
Ahmedabad,ODI,Right,2.4,Fast,Straight Seam,Kemar Roach,0
Ahmedabad,ODI,Right,2.5,Fast,Straight Seam,Kemar Roach,0
Ahmedabad,ODI,Right,2.6,Fast,Straight Seam,Kemar Roach,1
Ahmedabad,ODI,Right,3.1,Fast,Straight Seam,Ravi Rampaul,0
Ahmedabad,ODI,Right,3.2,Fast,Straight Seam,Ravi Rampaul,0
Ahmedabad,ODI,Right,3.3,Fast,Straight Seam,Ravi Rampaul,0
Ahmedabad,ODI,Right,3.4,Fast,Straight Seam,Ravi Rampaul,1
Ahmedabad,ODI,Right,4.1,Spin,Off Spin,Suni Narine,0
Ahmedabad,ODI,Right,4.2,Spin,Off Spin,Suni Narine,0
Ahmedabad,ODI,Right,4.3,Spin,Off Spin,Suni Narine,0
Ahmedabad,ODI,Right,4.4,Spin,Off Spin,Suni Narine,1
Ahmedabad,ODI,Right,5.1,Fast,Straight Seam,Ravi Rampaul,4
Ahmedabad,ODI,Right,5.2,Fast,Straight Seam,Ravi Rampaul,4
Ahmedabad,ODI,Right,5.3,Fast,Straight Seam,Ravi Rampaul,1
Ahmedabad,ODI,Right,6.1,Spin,Off Spin,Suni Narine,0
Ahmedabad,ODI,Right,6.2,Spin,Off Spin,Suni Narine,0
Ahmedabad,ODI,Right,6.3,Spin,Off Spin,Suni Narine,0
Ahmedabad,ODI,Right,6.4,Spin,Off Spin,Suni Narine,0
Ahmedabad,ODI,Right,6.5,Spin,Off Spin,Suni Narine,0
Ahmedabad,ODI,Right,6.6,Spin,Off Spin,Suni Narine,1
Ahmedabad,ODI,Right,7.1,Fast,Straight Seam,Ravi Rampaul,1
Ahmedabad,ODI,Right,7.3,Fast,Straight Seam,Ravi Rampaul,0
Ahmedabad,ODI,Right,7.4,Fast,Straight Seam,Ravi Rampaul,4
Ahmedabad,ODI,Right,7.5,Fast,Straight Seam,Ravi Rampaul,0
Ahmedabad,ODI,Right,7.6,Fast,Straight Seam,Ravi Rampaul,2
Ahmedabad,ODI,Right,8.2,Spin,Off Spin,Suni Narine,W
Indore,ODI,Right,46.6,Fast,Straight Seam,KA Pollard,2
Indore,ODI,Right,47.2,Fast,Straight Seam,Kemar Roach,1
Indore,ODI,Right,48.1,Fast,Straight Seam,KA Pollard,1
Indore,ODI,Right,48.3,Fast,Straight Seam,KA Pollard,4
Indore,ODI,Right,48.4,Fast,Straight Seam,KA Pollard,0
Indore,ODI,Right,48.5,Fast,Straight Seam,KA Pollard,4
Indore,ODI,Right,48.6,Fast,Straight Seam,KA Pollard,2
Indore,ODI,Right,49.2,Fast,Straight Seam,Kemar Roach,2
Indore,ODI,Right,49.3,Fast,Straight Seam,Kemar Roach,1
Indore,ODI,Right,49.5,Fast,Straight Seam,Kemar Roach,2
Indore,ODI,Right,49.6,Fast,Straight Seam,Kemar Roach,4
Chennai,ODI,Right,19.2,Spin,Off Spin,MN Samuels,1
Chennai,ODI,Right,19.4,Spin,Off Spin,MN Samuels,1
Chennai,ODI,Right,19.6,Spin,Off Spin,MN Samuels,1
Chennai,ODI,Right,20.1,Spin,Leg Spin,A Martin,1
Chennai,ODI,Right,21.5,Spin,Off Spin,MN Samuels,1
Chennai,ODI,Right,22.1,Spin,Leg Spin,A Martin,0
Chennai,ODI,Right,22.2,Spin,Leg Spin,A Martin,1
Chennai,ODI,Right,22.5,Spin,Leg Spin,A Martin,1
Chennai,ODI,Right,23.4,Spin,Off Spin,MN Samuels,0
Chennai,ODI,Right,23.5,Spin,Off Spin,MN Samuels,2
Chennai,ODI,Right,23.6,Spin,Off Spin,MN Samuels,0
Chennai,ODI,Right,24.2,Spin,Leg Spin,A Martin,0
Chennai,ODI,Right,24.3,Spin,Leg Spin,A Martin,0
Chennai,ODI,Right,24.4,Spin,Leg Spin,A Martin,1
Chennai,ODI,Right,24.6,Spin,Leg Spin,A Martin,1
Chennai,ODI,Right,25.1,Spin,Off Spin,MN Samuels,2
Chennai,ODI,Right,25.2,Spin,Off Spin,MN Samuels,1
Chennai,ODI,Right,25.5,Spin,Off Spin,MN Samuels,0
Chennai,ODI,Right,25.6,Spin,Off Spin,MN Samuels,0
Chennai,ODI,Right,26.3,Spin,Leg Spin,A Martin,1
Chennai,ODI,Right,27.1,Spin,Off Spin,MN Samuels,0
Chennai,ODI,Right,27.2,Spin,Off Spin,MN Samuels,4
Chennai,ODI,Right,27.3,Spin,Off Spin,MN Samuels,1
Chennai,ODI,Right,27.6,Spin,Off Spin,MN Samuels,0
Chennai,ODI,Right,28.1,Fast,Straight Seam,AD Russell,0
Chennai,ODI,Right,28.2,Fast,Straight Seam,AD Russell,1
Chennai,ODI,Right,28.5,Fast,Straight Seam,AD Russell,2
Chennai,ODI,Right,28.6,Fast,Straight Seam,AD Russell,1
Chennai,ODI,Right,29.1,Spin,Off Spin,MN Samuels,1
Chennai,ODI,Right,29.4,Spin,Off Spin,MN Samuels,1
Chennai,ODI,Right,29.6,Spin,Off Spin,MN Samuels,1
Chennai,ODI,Right,30.1,Fast,Straight Seam,AD Russell,4
Chennai,ODI,Right,30.2,Fast,Straight Seam,AD Russell,1
Chennai,ODI,Right,30.4,Fast,Straight Seam,AD Russell,1
Chennai,ODI,Right,30.6,Fast,Straight Seam,AD Russell,1
Chennai,ODI,Right,31.1,Fast,Straight Seam,KA Pollard,0
Chennai,ODI,Right,31.2,Fast,Straight Seam,KA Pollard,0
Chennai,ODI,Right,31.3,Fast,Straight Seam,KA Pollard,1
Chennai,ODI,Right,31.6,Fast,Straight Seam,KA Pollard,1
Chennai,ODI,Right,32.1,Fast,Straight Seam,AD Russell,0
Chennai,ODI,Right,32.2,Fast,Straight Seam,AD Russell,1
Chennai,ODI,Right,32.4,Fast,Straight Seam,AD Russell,2
Chennai,ODI,Right,32.5,Fast,Straight Seam,AD Russell,1
Chennai,ODI,Right,33.2,Fast,Straight Seam,KA Pollard,1
Chennai,ODI,Right,33.4,Fast,Straight Seam,KA Pollard,4
Chennai,ODI,Right,33.5,Fast,Straight Seam,KA Pollard,1
Chennai,ODI,Right,34.1,Fast,Straight Seam,Darren Sammy,0
Chennai,ODI,Right,34.2,Fast,Straight Seam,Darren Sammy,0
Chennai,ODI,Right,34.3,Fast,Straight Seam,Darren Sammy,2
Chennai,ODI,Right,34.4,Fast,Straight Seam,Darren Sammy,0
Chennai,ODI,Right,34.5,Fast,Straight Seam,Darren Sammy,1
Chennai,ODI,Right,35.1,Spin,Off Spin,Suni Narine,0
Chennai,ODI,Right,35.2,Spin,Off Spin,Suni Narine,1
Chennai,ODI,Right,35.5,Spin,Off Spin,Suni Narine,1
Chennai,ODI,Right,36.1,Fast,Straight Seam,Kemar Roach,1
Chennai,ODI,Right,36.3,Fast,Straight Seam,Kemar Roach,1
Chennai,ODI,Right,36.5,Fast,Straight Seam,Kemar Roach,1
Chennai,ODI,Right,37.1,Spin,Off Spin,Suni Narine,0
Chennai,ODI,Right,37.2,Spin,Off Spin,Suni Narine,0
Chennai,ODI,Right,37.3,Spin,Off Spin,Suni Narine,1
Chennai,ODI,Right,37.6,Spin,Off Spin,Suni Narine,1
Chennai,ODI,Right,38.1,Fast,Straight Seam,Kemar Roach,1
Chennai,ODI,Right,39.3,Spin,Leg Spin,A Martin,0
Chennai,ODI,Right,39.4,Spin,Leg Spin,A Martin,4
Chennai,ODI,Right,39.5,Spin,Leg Spin,A Martin,1
Chennai,ODI,Right,40.1,Fast,Straight Seam,Kemar Roach,1
Chennai,ODI,Right,40.4,Fast,Straight Seam,Kemar Roach,2
Chennai,ODI,Right,405.0,Fast,Straight Seam,Kemar Roach,0
Chennai,ODI,Right,40.6,Fast,Straight Seam,Kemar Roach,1
Chennai,ODI,Right,41.1,Spin,Leg Spin,A Martin,0
Chennai,ODI,Right,41.2,Spin,Leg Spin,A Martin,0
Chennai,ODI,Right,41.3,Spin,Leg Spin,A Martin,0
Chennai,ODI,Right,41.4,Spin,Leg Spin,A Martin,1
Chennai,ODI,Right,41.6,Spin,Leg Spin,A Martin,1
Chennai,ODI,Right,42.1,Fast,Straight Seam,Darren Sammy,1
Chennai,ODI,Right,42.3,Fast,Straight Seam,Darren Sammy,4
Chennai,ODI,Right,42.4,Fast,Straight Seam,Darren Sammy,0
Chennai,ODI,Right,42.5,Fast,Straight Seam,Darren Sammy,1
Chennai,ODI,Right,43.1,Spin,Leg Spin,A Martin,1
Chennai,ODI,Right,43.3,Spin,Leg Spin,A Martin,1
Chennai,ODI,Right,43.5,Spin,Leg Spin,A Martin,1
Chennai,ODI,Right,44.2,Spin,Off Spin,Suni Narine,1
Chennai,ODI,Right,44.4,Spin,Off Spin,Suni Narine,1
Chennai,ODI,Right,44.6,Spin,Off Spin,Suni Narine,1
Chennai,ODI,Right,45.1,Spin,Leg Spin,A Martin,W
Melbourne,ODI,Left,1.6,Fast,Bouncer,Mitchell Starc ,0
Melbourne,ODI,Right,2.3,Spin,Off Spin,Marcus Harris,0
Melbourne,ODI,Right,2.4,Spin,Off Spin,Marcus Harris,0
Melbourne,ODI,Right,2.5,Spin,Off Spin,Marcus Harris,0
Melbourne,ODI,Right,2.6,Spin,Off Spin,Marcus Harris,1
Melbourne,ODI,Left,3.1,Fast,Inswinger,Mitchell Starc ,0
Melbourne,ODI,Left,3.2,Fast,Inswinger,Mitchell Starc ,0
Melbourne,ODI,Right,4.1,Spin,Off Spin,Marcus Harris,0
Melbourne,ODI,Right,4.2,Spin,Off Spin,Marcus Harris,0
Melbourne,ODI,Right,4.3,Spin,Off Spin,Marcus Harris,1
Melbourne,ODI,Left,5.1,Fast,Full Toss,Mitchell Starc ,0
Melbourne,ODI,Left,5.2,Fast,Inswinger,Mitchell Starc ,3
Melbourne,ODI,Left,5.5,Fast,Inswinger,Mitchell Starc ,0
Melbourne,ODI,Left,5.6,Fast,Inswinger,Mitchell Starc ,0
Melbourne,ODI,Right,6.2,Spin,Off Spin,Marcus Harris,4
Melbourne,ODI,Right,6.3,Spin,Off Spin,Marcus Harris,1
Melbourne,ODI,Left,7.1,Fast,Inswinger,Mitchell Starc ,2
Melbourne,ODI,Left,7.2,Fast,Inswinger,Mitchell Starc ,0
Melbourne,ODI,Left,7.3,Fast,Inswinger,Mitchell Starc ,2
Melbourne,ODI,Left,7.4,Fast,Inswinger,Mitchell Starc ,0
Melbourne,ODI,Left,7.5,Fast,Inswinger,Mitchell Starc ,1
Melbourne,ODI,Right,8.2,Spin,Off Spin,Marcus Harris,4
Melbourne,ODI,Right,8.3,Spin,Off Spin,Marcus Harris,2
Melbourne,ODI,Right,8.4,Spin,Off Spin,Marcus Harris,0
Melbourne,ODI,Right,8.5,Spin,Off Spin,Marcus Harris,0
Melbourne,ODI,Right,8.6,Spin,Off Spin,Marcus Harris,1
Melbourne,ODI,Left,9.1,Fast,Inswinger,Mitchell Starc ,0
Melbourne,ODI,Left,9.2,Fast,Inswinger,Mitchell Starc ,1
Melbourne,ODI,Right,10.2,Fast,Inswinger,Den Christian,4
Melbourne,ODI,Right,10.3,Fast,Inswinger,Den Christian,0
Melbourne,ODI,Right,10.4,Fast,Inswinger,Den Christian,1
Melbourne,ODI,Right,10.6,Fast,Inswinger,Den Christian,1
Melbourne,ODI,Right,11.1,Fast,Inswinger,Clint Mckay,2
Melbourne,ODI,Right,11.2,Fast,Inswinger,Clint Mckay,W
WACA,ODI,Right,2.4,Fast,Yorker,Lasith Malinga,0
WACA,ODI,Right,2.5,Fast,Straight Seam,Lasith Malinga,4
WACA,ODI,Right,2.6,Fast,Straight Seam,Lasith Malinga,0
WACA,ODI,Right,3.2,Fast,Straight Seam,Nuwan Kulasekara,0
WACA,ODI,Right,3.3,Fast,Straight Seam,Nuwan Kulasekara,0
WACA,ODI,Right,3.4,Fast,Inswinger,Nuwan Kulasekara,0
WACA,ODI,Right,3.5,Fast,Straight Seam,Nuwan Kulasekara,0
WACA,ODI,Right,3.5,Fast,Straight Seam,Nuwan Kulasekara,0
WACA,ODI,Right,5.1,Fast,Straight Seam,Dhammika Prasad,0
WACA,ODI,Right,5.2,Fast,Straight Seam,Dhammika Prasad,0
WACA,ODI,Right,5.3,Fast,Full Toss,Dhammika Prasad,0
WACA,ODI,Right,5.4,Fast,Inswinger,Dhammika Prasad,0
WACA,ODI,Right,5.5,Fast,Straight Seam,Dhammika Prasad,0
WACA,ODI,Right,7.6,Fast,Straight Seam,Dhammika Prasad,0
WACA,ODI,Right,8.5,Fast,Straight Seam,Nuwan Kulasekara,0
WACA,ODI,Right,8.6,Fast,Straight Seam,Dhammika Prasad,4
WACA,ODI,Right,9.2,Fast,Straight Seam,Dhammika Prasad,1
WACA,ODI,Right,9.3,Fast,Straight Seam,Dhammika Prasad,1
WACA,ODI,Right,10.1,Fast,Straight Seam,Angelo Mathews,0
WACA,ODI,Right,10.2,Fast,Inswinger,Angelo Mathews,1
WACA,ODI,Right,10.6,Fast,Straight Seam,Angelo Mathews,0
WACA,ODI,Right,11.3,Fast,Straight Seam,Dhammika Prasad,4
WACA,ODI,Right,11.4,Fast,Straight Seam,Dhammika Prasad,1
WACA,ODI,Right,12.3,Fast,Inswinger,Angelo Mathews,0
WACA,ODI,Right,12.4,Fast,Straight Seam,Angelo Mathews,0
WACA,ODI,Right,12.5,Fast,Straight Seam,Angelo Mathews,1
WACA,ODI,Right,13.1,Fast,Straight Seam,Thisara Perera,4
WACA,ODI,Right,13.2,Fast,Straight Seam,Thisara Perera,0
WACA,ODI,Right,13.3,Fast,Straight Seam,Thisara Perera,2
WACA,ODI,Right,13.4,Fast,Outswinger,Thisara Perera,0
WACA,ODI,Right,13.5,Fast,Straight Seam,Thisara Perera,0
WACA,ODI,Right,13.6,Fast,Bouncer,Thisara Perera,0
WACA,ODI,Right,14.4,Fast,Straight Seam,T.Dilshan,1
WACA,ODI,Right,14.6,Fast,Straight Seam,T.Dilshan,0
WACA,ODI,Right,15.2,Fast,Straight Seam,Thisara Perera,1
WACA,ODI,Right,16.2,Fast,Bouncer,T.Dilshan,1
WACA,ODI,Right,16.4,Fast,Straight Seam,T.Dilshan,1
WACA,ODI,Right,16.6,Fast,Straight Seam,T.Dilshan,1
WACA,ODI,Right,17.1,Fast,Straight Seam,Lasith Malinga,0
WACA,ODI,Right,17.2,Fast,Inswinger,Lasith Malinga,0
WACA,ODI,Right,17.3,Fast,Straight Seam,Lasith Malinga,1
WACA,ODI,Right,17.6,Fast,Straight Seam,Lasith Malinga,0
WACA,ODI,Right,19.1,Fast,Outswinger,Lasith Malinga,0
WACA,ODI,Right,19.2,Fast,Straight Seam,Lasith Malinga,0
WACA,ODI,Right,19.3,Fast,Straight Seam,Lasith Malinga,1
WACA,ODI,Right,20.1,Fast,Straight Seam,Angelo Mathews,0
WACA,ODI,Right,20.2,Fast,Bouncer,Angelo Mathews,0
WACA,ODI,Right,20.3,Fast,Straight Seam,Angelo Mathews,0
WACA,ODI,Right,20.4,Fast,Inswinger,Angelo Mathews,1
WACA,ODI,Right,21.1,Fast,Inswinger,Dhammika Prasad,1
WACA,ODI,Right,21.3,Fast,Straight Seam,Dhammika Prasad,1
WACA,ODI,Right,21.5,Fast,Straight Seam,Dhammika Prasad,0
WACA,ODI,Right,21.6,Fast,Straight Seam,Dhammika Prasad,0
WACA,ODI,Right,22.6,Fast,Straight Seam,Angelo Mathews,1
WACA,ODI,Right,23.1,Fast,Straight Seam,Dhammika Prasad,0
WACA,ODI,Right,23.2,Fast,Bouncer,Dhammika Prasad,0
WACA,ODI,Right,23.3,Fast,Straight Seam,Dhammika Prasad,0
WACA,ODI,Right,23.4,Fast,Straight Seam,Dhammika Prasad,4
WACA,ODI,Right,23.5,Fast,Straight Seam,Dhammika Prasad,1
WACA,ODI,Right,24.1,Fast,Inswinger,Nuwan Kulasekara,0
WACA,ODI,Right,24.3,Fast,Inswinger,Nuwan Kulasekara,4
WACA,ODI,Right,24.4,Fast,Straight Seam,Nuwan Kulasekara,1
WACA,ODI,Right,24.5,Fast,Straight Seam,Nuwan Kulasekara,0
WACA,ODI,Right,25.1,Fast,Straight Seam,Thisara Perera,0
WACA,ODI,Right,25.2,Fast,Straight Seam,Thisara Perera,2
WACA,ODI,Right,25.3,Fast,Straight Seam,Thisara Perera,4
WACA,ODI,Right,25.4,Fast,Straight Seam,Thisara Perera,1
WACA,ODI,Right,26.1,Fast,Inswinger,Nuwan Kulasekara,1
WACA,ODI,Right,27.1,Fast,Straight Seam,Thisara Perera,1
WACA,ODI,Right,27.3,Fast,Straight Seam,Thisara Perera,1
WACA,ODI,Right,28.3,Fast,Straight Seam,T.Dilshan,2
WACA,ODI,Right,28.4,Fast,Straight Seam,T.Dilshan,1
WACA,ODI,Right,29.4,Fast,Bouncer,Angelo Mathews,1
WACA,ODI,Right,29.6,Fast,Straight Seam,Angelo Mathews,0
WACA,ODI,Right,30.5,Fast,Straight Seam,T.Dilshan,1
WACA,ODI,Right,31.2,Fast,Straight Seam,Lasith Malinga,0
WACA,ODI,Right,31.3,Fast,Yorker,Lasith Malinga,1
WACA,ODI,Right,31.6,Fast,Straight Seam,Lasith Malinga,2
WACA,ODI,Right,32.2,Fast,Straight Seam,Angelo Mathews,0
WACA,ODI,Right,32.3,Fast,Straight Seam,Angelo Mathews,1
WACA,ODI,Right,33.1,Fast,Straight Seam,Dhammika Prasad,4
WACA,ODI,Right,33.2,Fast,Straight Seam,Dhammika Prasad,1
WACA,ODI,Right,33.5,Fast,Bouncer,Dhammika Prasad,1
WACA,ODI,Right,34.1,Fast,Inswinger,Angelo Mathews,1
WACA,ODI,Right,34.3,Fast,Straight Seam,Angelo Mathews,0
WACA,ODI,Right,34.4,Fast,Straight Seam,Angelo Mathews,0
WACA,ODI,Right,34.5,Fast,Straight Seam,Angelo Mathews,0
WACA,ODI,Right,34.6,Fast,Inswinger,Angelo Mathews,1
WACA,ODI,Right,35.1,Fast,Inswinger,Dhammika Prasad,0
WACA,ODI,Right,35.2,Fast,Straight Seam,Dhammika Prasad,0
WACA,ODI,Right,35.3,Fast,Straight Seam,Dhammika Prasad,0
WACA,ODI,Right,35.4,Fast,Inswinger,Dhammika Prasad,0
WACA,ODI,Right,35.5,Fast,Straight Seam,Dhammika Prasad,6
WACA,ODI,Right,35.6,Fast,Straight Seam,Dhammika Prasad,W
Adelaide,ODI,Right,9.2,Fast,Straight Seam,Clint Mckay,0
Adelaide,ODI,Right,9.3,Fast,Straight Seam,Clint Mckay,0
Adelaide,ODI,Right,9.4,Fast,Inswinger,Clint Mckay,0
Adelaide,ODI,Right,9.5,Fast,Bouncer,Clint Mckay,0
Adelaide,ODI,Right,9.6,Fast,Straight Seam,Clint Mckay,0
Adelaide,ODI,Right,10.4,Spin,Off Spin,Marcus Harris,1
Adelaide,ODI,Right,10.6,Spin,Off Spin,Marcus Harris,0
Adelaide,ODI,Right,11.2,Fast,Straight Seam,Clint Mckay,0
Adelaide,ODI,Right,11.3,Fast,Straight Seam,Clint Mckay,0
Adelaide,ODI,Right,11.4,Fast,Inswinger,Clint Mckay,1
Adelaide,ODI,Left,12.1,Fast,Straight Seam,Mitchell Starc ,0
Adelaide,ODI,Left,12.2,Fast,Bouncer,Mitchell Starc ,0
Adelaide,ODI,Left,12.3,Fast,Straight Seam,Mitchell Starc ,1
Adelaide,ODI,Left,12.5,Fast,Inswinger,Mitchell Starc ,0
Adelaide,ODI,Left,12.6,Fast,Straight Seam,Mitchell Starc ,0
Adelaide,ODI,Right,13.2,Fast,Straight Seam,Den Christian,0
Adelaide,ODI,Right,13.3,Fast,Inswinger,Den Christian,0
Adelaide,ODI,Right,13.4,Fast,Straight Seam,Den Christian,1
Adelaide,ODI,Right,13.6,Fast,Inswinger,Den Christian,1
Adelaide,ODI,Left,14.1,Fast,Outswinger,Mitchell Starc ,1
Adelaide,ODI,Left,14.3,Fast,Inswinger,Mitchell Starc ,3
Adelaide,ODI,Left,14.5,Fast,Straight Seam,Mitchell Starc ,1
Adelaide,ODI,Right,15.1,Fast,Inswinger,Den Christian,1
Adelaide,ODI,Right,16.5,Fast,Straight Seam,Clint Mckay,1
Adelaide,ODI,Right,17.3,Fast,Outswinger,Den Christian,1
Adelaide,ODI,Right,17.5,Fast,Straight Seam,Den Christian,4
Adelaide,ODI,Right,17.6,Fast,Straight Seam,Den Christian,1
Adelaide,ODI,Right,18.1,Fast,Bouncer,Clint Mckay,W
Adelaide,ODI,Right,6.5,Fast,Straight Seam,Angelo Mathews,0
Adelaide,ODI,Right,6.6,Fast,Straight Seam,Angelo Mathews,1
Adelaide,ODI,Right,7.1,Fast,Straight Seam,Nuwan Kulasekara,4
Adelaide,ODI,Right,7.2,Fast,Straight Seam,Nuwan Kulasekara,0
Adelaide,ODI,Right,7.3,Fast,Bouncer,Nuwan Kulasekara,0
Adelaide,ODI,Right,7.4,Fast,Straight Seam,Nuwan Kulasekara,1
Adelaide,ODI,Right,7.6,Fast,Straight Seam,Nuwan Kulasekara,0
Adelaide,ODI,Right,9.1,Fast,Straight Seam,Nuwan Kulasekara,0
Adelaide,ODI,Right,9.2,Fast,Inswinger,Nuwan Kulasekara,0
Adelaide,ODI,Right,9.3,Fast,Straight Seam,Nuwan Kulasekara,0
Adelaide,ODI,Right,9.4,Fast,Inswinger,Nuwan Kulasekara,0
Adelaide,ODI,Right,9.5,Fast,Inswinger,Nuwan Kulasekara,0
Adelaide,ODI,Right,9.6,Fast,Straight Seam,Nuwan Kulasekara,2
Adelaide,ODI,Right,10.2,Fast,Straight Seam,Thisara Perera,1
Adelaide,ODI,Right,10.5,Fast,Inswinger,Thisara Perera,0
Adelaide,ODI,Right,10.6,Fast,Straight Seam,Thisara Perera,0
Adelaide,ODI,Right,11.4,Fast,Inswinger,Nuwan Kulasekara,0
Adelaide,ODI,Right,11.5,Fast,Straight Seam,Thisara Perera,1
Adelaide,ODI,Right,12.1,Fast,Bouncer,Thisara Perera,0
Adelaide,ODI,Right,12.2,Fast,Outswinger,Thisara Perera,1
Adelaide,ODI,Right,12.4,Fast,Full Toss,Thisara Perera,1
Adelaide,ODI,Right,13.1,Fast,Inswinger,Rangana Herath,1
Adelaide,ODI,Right,13.4,Fast,Bouncer,Rangana Herath,1
Adelaide,ODI,Right,13.6,Fast,Inswinger,Rangana Herath,1
Adelaide,ODI,Right,14.1,Fast,Straight Seam,Thisara Perera,W
Brisbane,ODI,Right,1.4,Fast,Straight Seam,Brett Lee,0
Brisbane,ODI,Right,1.5,Fast,Inswinger,Brett Lee,0
Brisbane,ODI,Right,1.6,Fast,Straight Seam,Brett Lee,0
Brisbane,ODI,Right,2.2,Fast,Bouncer,Ben Hilfenhaus,0
Brisbane,ODI,Right,2.3,Fast,Straight Seam,Ben Hilfenhaus,1
Brisbane,ODI,Right,3.1,Fast,Straight Seam,Brett Lee,0
Brisbane,ODI,Right,3.2,Fast,Bouncer,Brett Lee,0
Brisbane,ODI,Right,3.3,Fast,Straight Seam,Brett Lee,0
Brisbane,ODI,Right,3.4,Fast,Outswinger,Brett Lee,1
Brisbane,ODI,Right,4.1,Fast,Straight Seam,ben Hilfenhaus,2
Brisbane,ODI,Right,4.2,Fast,Straight Seam,ben Hilfenhaus,0
Brisbane,ODI,Right,4.3,Fast,Inswinger,ben Hilfenhaus,1
Brisbane,ODI,Right,4.5,Fast,Bouncer,ben Hilfenhaus,0
Brisbane,ODI,Right,4.6,Fast,Straight Seam,ben Hilfenhaus,0
Brisbane,ODI,Right,6.1,Fast,Bouncer,ben Hilfenhaus,1
Brisbane,ODI,Right,6.4,Fast,Straight Seam,ben Hilfenhaus,1
Brisbane,ODI,Right,6.6,Fast,Full Toss,ben Hilfenhaus,0
Brisbane,ODI,Right,7.5,Fast,Full Toss,Brett Lee,0
Brisbane,ODI,Right,7.6,Fast,Straight Seam,Brett Lee,1
Brisbane,ODI,Right,8.1,Fast,Straight Seam,Ben Hilfenhaus,0
Brisbane,ODI,Right,8.2,Fast,Bouncer,Ben Hilfenhaus,0
Brisbane,ODI,Right,8.3,Fast,Straight Seam,Ben Hilfenhaus,3
Brisbane,ODI,Right,9.1,Fast,Straight Seam,Den Christian,0
Brisbane,ODI,Right,9.2,Fast,Straight Seam,Den Christian,1
Brisbane,ODI,Right,10.3,Fast,Inswinger,Ben Hilfenhaus,W
Brisbane,ODI,Right,7.6,Fast,Straight Seam,Nuwan Kulasekara,0
Brisbane,ODI,Right,8.2,Fast,Straight Seam,Farveez Mahroof,0
Brisbane,ODI,Right,8.3,Fast,Straight Seam,Farveez Mahroof,0
Brisbane,ODI,Right,8.4,Fast,Straight Seam,Farveez Mahroof,0
Brisbane,ODI,Right,8.5,Fast,Bouncer,Farveez Mahroof,0
Brisbane,ODI,Right,8.6,Fast,Bouncer,Farveez Mahroof,0
Brisbane,ODI,Right,9.6,Fast,Straight Seam,Nuwan Kulasekara,0
Brisbane,ODI,Right,10.6,Fast,Straight Seam,Farveez Mahroof,0
Brisbane,ODI,Right,13.1,Fast,Inswinger,Angelo Mathews,0
Brisbane,ODI,Right,13.2,Fast,Inswinger,Angelo Mathews,0
Brisbane,ODI,Right,13.3,Fast,Outswinger,Angelo Mathews,0
Brisbane,ODI,Right,13.4,Fast,Straight Seam,Angelo Mathews,2
Brisbane,ODI,Right,13.5,Fast,Straight Seam,Angelo Mathews,1
Brisbane,ODI,Right,14.1,Fast,Straight Seam,Farveez Mahroof,0
Brisbane,ODI,Right,14.2,Fast,Inswinger,Farveez Mahroof,2
Brisbane,ODI,Right,14.3,Fast,Outswinger,Farveez Mahroof,1
Brisbane,ODI,Right,15.2,Fast,Straight Seam,Angelo Mathews,0
Brisbane,ODI,Right,15.3,Fast,Full Toss,Angelo Mathews,0
Brisbane,ODI,Right,15.4,Fast,Straight Seam,Angelo Mathews,2
Brisbane,ODI,Right,15.5,Fast,Straight Seam,Angelo Mathews,1
Brisbane,ODI,Right,16.3,Fast,Full Toss,Thisara Perera,0
Brisbane,ODI,Right,16.4,Fast,Straight Seam,Thisara Perera,0
Brisbane,ODI,Right,16.5,Fast,Straight Seam,Thisara Perera,0
Brisbane,ODI,Right,16.6,Fast,Bouncer,Thisara Perera,0
Brisbane,ODI,Right,17.3,Fast,Straight Seam,Angelo Mathews,0
Brisbane,ODI,Right,17.4,Fast,Straight Seam,Angelo Mathews,2
Brisbane,ODI,Right,17.5,Fast,Bouncer,Angelo Mathews,0
Brisbane,ODI,Right,17.6,Fast,Inswinger,Angelo Mathews,0
Brisbane,ODI,Right,18.3,Fast,Inswinger,Thisara Perera,0
Brisbane,ODI,Right,18.4,Fast,Straight Seam,Thisara Perera,1
Brisbane,ODI,Right,19.1,Fast,Straight Seam,Angelo Mathews,0
Brisbane,ODI,Right,19.2,Fast,Straight Seam,Angelo Mathews,0
Brisbane,ODI,Right,19.3,Fast,Bouncer,Angelo Mathews,1
Brisbane,ODI,Right,20.1,Fast,Inswinger,Thisara Perera,1
Brisbane,ODI,Right,20.4,Fast,Straight Seam,Thisara Perera,2
Brisbane,ODI,Right,20.5,Fast,Straight Seam,Thisara Perera,1
Brisbane,ODI,Right,21.3,Fast,Bouncer,Rangana Herath,0
Brisbane,ODI,Right,21.4,Fast,Straight Seam,Rangana Herath,1
Brisbane,ODI,Right,21.6,Fast,Inswinger,Rangana Herath,2
Brisbane,ODI,Right,22.2,Fast,Straight Seam,Thisara Perera,0
Brisbane,ODI,Right,22.3,Fast,Inswinger,Thisara Perera,0
Brisbane,ODI,Right,22.4,Fast,Bouncer,Thisara Perera,0
Brisbane,ODI,Right,22.5,Fast,Straight Seam,Thisara Perera,2
Brisbane,ODI,Right,22.6,Fast,Straight Seam,Thisara Perera,1
Brisbane,ODI,Right,23.1,Fast,Straight Seam,Rangana Herath,1
Brisbane,ODI,Right,23.4,Fast,Inswinger,Rangana Herath,4
Brisbane,ODI,Right,23.5,Fast,Straight Seam,Rangana Herath,1
Brisbane,ODI,Right,24.1,Fast,Straight Seam,Lasith Malinga,0
Brisbane,ODI,Right,24.2,Fast,Bouncer,Lasith Malinga,2
Brisbane,ODI,Right,24.3,Fast,Straight Seam,Lasith Malinga,1
Brisbane,ODI,Right,24.5,Fast,Straight Seam,Lasith Malinga,2
Brisbane,ODI,Right,24.6,Fast,Inswinger,Lasith Malinga,1
Brisbane,ODI,Right,25.1,Fast,Straight Seam,Rangana Herath,1
Brisbane,ODI,Right,25.3,Fast,Straight Seam,Rangana Herath,1
Brisbane,ODI,Right,25.6,Fast,Bouncer,Rangana Herath,1
Brisbane,ODI,Right,26.1,Fast,Straight Seam,Lasith Malinga,1
Brisbane,ODI,Right,26.4,Fast,Straight Seam,Lasith Malinga,2
Brisbane,ODI,Right,26.5,Fast,Straight Seam,Lasith Malinga,1
Brisbane,ODI,Right,27.1,Fast,Inswinger,Rangana Herath,0
Brisbane,ODI,Right,27.2,Fast,Straight Seam,Rangana Herath,1
Brisbane,ODI,Right,27.6,Fast,Straight Seam,Rangana Herath,1
Brisbane,ODI,Right,28.1,Fast,Straight Seam,Farveez Mahroof,2
Brisbane,ODI,Right,28.2,Fast,Straight Seam,Farveez Mahroof,1
Brisbane,ODI,Right,28.6,Fast,Straight Seam,Farveez Mahroof,1
Brisbane,ODI,Right,29.1,Fast,Straight Seam,Rangana Herath,1
Brisbane,ODI,Right,29.3,Fast,Straight Seam,Rangana Herath,1
Brisbane,ODI,Right,29.6,Fast,Straight Seam,Rangana Herath,1
Brisbane,ODI,Right,30.1,Fast,Straight Seam,Farveez Mahroof,0
Brisbane,ODI,Right,30.2,Fast,Bouncer,Farveez Mahroof,1
Brisbane,ODI,Right,30.6,Fast,Straight Seam,Farveez Mahroof,1
Brisbane,ODI,Right,31.1,Fast,Inswinger,Rangana Herath,1
Brisbane,ODI,Right,31.4,Fast,Straight Seam,Rangana Herath,1
Brisbane,ODI,Right,32.1,Fast,Straight Seam,Farveez Mahroof,0
Brisbane,ODI,Right,32.2,Fast,Straight Seam,Farveez Mahroof,1
Brisbane,ODI,Right,32.4,Fast,Straight Seam,Farveez Mahroof,1
Brisbane,ODI,Right,32.6,Fast,Bouncer,Farveez Mahroof,0
Brisbane,ODI,Right,33.3,Fast,Straight Seam,Rangana Herath,1
Brisbane,ODI,Right,33.5,Fast,Inswinger,Rangana Herath,0
Brisbane,ODI,Right,33.6,Fast,Straight Seam,Rangana Herath,1
Brisbane,ODI,Right,34.1,Fast,Straight Seam,Farveez Mahroof,1
Brisbane,ODI,Right,35.1,Fast,Straight Seam,Thisara Perera,2
Brisbane,ODI,Right,35.2,Fast,Straight Seam,Thisara Perera,4
Brisbane,ODI,Right,35.3,Fast,Bouncer,Thisara Perera,W
Sydney,ODI,Right,7.2,Fast,Straight Seam,Ben Hilfenhaus,2
Sydney,ODI,Right,7.3,Fast,Full Toss,Ben Hilfenhaus,0
Sydney,ODI,Right,7.4,Fast,Straight Seam,Ben Hilfenhaus,0
Sydney,ODI,Right,7.5,Fast,Inswinger,Ben Hilfenhaus,0
Sydney,ODI,Right,7.6,Fast,Straight Seam,Ben Hilfenhaus,4
Sydney,ODI,Right,8.2,Fast,Straight Seam,Clint Mckay,2
Sydney,ODI,Right,8.3,Fast,Outswinger,Clint Mckay,0
Sydney,ODI,Right,8.3,Fast,Straight Seam,Clint Mckay,4
Sydney,ODI,Right,8.4,Fast,Bouncer,Clint Mckay,0
Sydney,ODI,Right,8.5,Fast,Straight Seam,Clint Mckay,0
Sydney,ODI,Right,8.6,Fast,Inswinger,Clint Mckay,0
Sydney,ODI,Right,10.1,Fast,Inswinger,Clint Mckay,0
Sydney,ODI,Right,10.2,Fast,Inswinger,Clint Mckay,0
Sydney,ODI,Right,10.3,Fast,Straight Seam,Clint Mckay,1
Sydney,ODI,Right,11.1,Fast,Outswinger,Michael Hussey,0
Sydney,ODI,Right,11.2,Fast,Bouncer,Michael Hussey,1
Sydney,ODI,Right,11.4,Fast,Straight Seam,Michael Hussey,1
Sydney,ODI,Right,12.2,Fast,Slower Ball,Clint Mckay,1
Sydney,ODI,Right,13.1,Fast,Straight Seam,Michael Hussey,1
Sydney,ODI,Right,13.3,Fast,Straight Seam,Michael Hussey,0
Sydney,ODI,Right,13.4,Fast,Bouncer,Michael Hussey,1
Sydney,ODI,Right,14.1,Fast,Straight Seam,Den Christian,1
Sydney,ODI,Right,14.5,Fast,Bouncer,Den Christian,1
Sydney,ODI,Right,15.1,Fast,Inswinger,Shane Watson,0
Sydney,ODI,Right,15.2,Fast,Straight Seam,Shane Watson,0
Sydney,ODI,Right,15.3,Fast,Inswinger,Shane Watson,1
Sydney,ODI,Right,15.6,Fast,Slower Ball,Shane Watson,W
Hobart,ODI,Right,9.6,Fast,Slower Ball,Lasith Malinga,4
Hobart,ODI,Right,10.2,Fast,Inswinger,Farveez Mahroof,0
Hobart,ODI,Right,10.3,Fast,Straight Seam,Farveez Mahroof,0
Hobart,ODI,Right,10.4,Fast,Straight Seam,Farveez Mahroof,0
Hobart,ODI,Right,10.5,Fast,Outswinger,Farveez Mahroof,1
Hobart,ODI,Right,11.1,Fast,Straight Seam,Thisara Perera,2
Hobart,ODI,Right,11.2,Fast,Outswinger,Thisara Perera,1
Hobart,ODI,Right,11.3,Fast,Straight Seam,Thisara Perera,4
Hobart,ODI,Right,11.5,Fast,Bouncer,Thisara Perera,2
Hobart,ODI,Right,11.6,Fast,Straight Seam,Thisara Perera,0
Hobart,ODI,Right,12.2,Fast,Inswinger,Angelo Mathews,1
Hobart,ODI,Right,12.4,Fast,Straight Seam,Angelo Mathews,0
Hobart,ODI,Right,12.5,Fast,Straight Seam,Angelo Mathews,0
Hobart,ODI,Right,12.6,Fast,Outswinger,Angelo Mathews,0
Hobart,ODI,Right,13.3,Fast,Straight Seam,Thisara Perera,1
Hobart,ODI,Right,13.5,Fast,Bouncer,Thisara Perera,1
Hobart,ODI,Right,14.2,Fast,Inswinger,Angelo Mathews,1
Hobart,ODI,Right,14.5,Fast,Inswinger,Angelo Mathews,0
Hobart,ODI,Right,14.6,Fast,Inswinger,Angelo Mathews,2
Hobart,ODI,Right,15.4,Fast,Straight Seam,Thisara Perera,1
Hobart,ODI,Right,16.3,Fast,Straight Seam,Angelo Mathews,0
Hobart,ODI,Right,16.4,Fast,Bouncer,Angelo Mathews,1
Hobart,ODI,Right,16.6,Fast,Straight Seam,Angelo Mathews,0
Hobart,ODI,Right,17.2,Fast,Straight Seam,Thisara Perera,4
Hobart,ODI,Right,17.3,Fast,Inswinger,Thisara Perera,0
Hobart,ODI,Right,17.4,Fast,Straight Seam,Thisara Perera,0
Hobart,ODI,Right,17.5,Fast,Inswinger,Thisara Perera,1
Hobart,ODI,Right,18.2,Fast,Straight Seam,Angelo Mathews,6
Hobart,ODI,Right,18.3,Fast,Outswinger,Angelo Mathews,0
Hobart,ODI,Right,18.4,Fast,Straight Seam,Angelo Mathews,1
Hobart,ODI,Right,19.1,Fast,Straight Seam,Thisara Perera,1
Hobart,ODI,Right,19.3,Fast,Inswinger,Thisara Perera,0
Hobart,ODI,Right,19.4,Fast,Straight Seam,Thisara Perera,2
Hobart,ODI,Right,19.5,Fast,Straight Seam,Thisara Perera,2
Hobart,ODI,Right,19.6,Fast,Inswinger,Thisara Perera,1
Hobart,ODI,Right,20.1,Fast,Inswinger,Rangana Herath,2
Hobart,ODI,Right,20.2,Fast,Straight Seam,Rangana Herath,0
Hobart,ODI,Right,20.3,Fast,Inswinger,Rangana Herath,1
Hobart,ODI,Right,20.5,Fast,Straight Seam,Rangana Herath,1
Hobart,ODI,Right,21.2,Fast,Outswinger,Nuwan Kulasekara,1
Hobart,ODI,Right,21.5,Fast,Straight Seam,Nuwan Kulasekara,1
Hobart,ODI,Right,22.3,Fast,Bouncer,Rangana Herath,1
Hobart,ODI,Right,22.6,Fast,Bouncer,Rangana Herath,1
Hobart,ODI,Right,23.1,Fast,Straight Seam,Nuwan Kulasekara,2
Hobart,ODI,Right,23.2,Fast,Bouncer,Nuwan Kulasekara,1
Hobart,ODI,Right,23.4,Fast,Straight Seam,Nuwan Kulasekara,0
Hobart,ODI,Right,23.5,Fast,Straight Seam,Nuwan Kulasekara,2
Hobart,ODI,Right,23.6,Fast,Straight Seam,Nuwan Kulasekara,0
Hobart,ODI,Right,24.3,Fast,Inswinger,Rangana Herath,1
Hobart,ODI,Right,24.5,Fast,Straight Seam,Rangana Herath,0
Hobart,ODI,Right,24.6,Fast,Straight Seam,Rangana Herath,1
Hobart,ODI,Right,25.1,Fast,Inswinger,Angelo Mathews,1
Hobart,ODI,Right,25.5,Fast,Inswinger,Angelo Mathews,1
Hobart,ODI,Right,26.3,Fast,Straight Seam,Rangana Herath,1
Hobart,ODI,Right,27.3,Fast,Bouncer,Angelo Mathews,1
Hobart,ODI,Right,27.4,Fast,Straight Seam,Angelo Mathews,2
Hobart,ODI,Right,27.5,Fast,Straight Seam,Angelo Mathews,4
Hobart,ODI,Right,27.6,Fast,Straight Seam,Angelo Mathews,1
Hobart,ODI,Right,28.1,Fast,Bouncer,Nuwan Kulasekara,1
Hobart,ODI,Right,28.4,Fast,Yorker,Nuwan Kulasekara,1
Hobart,ODI,Right,29.1,Fast,Straight Seam,Lasith Malinga,4
Hobart,ODI,Right,29.2,Fast,Yorker,Lasith Malinga,1
Hobart,ODI,Right,29.6,Fast,Straight Seam,Lasith Malinga,0
Hobart,ODI,Right,30.3,Fast,Inswinger,Nuwan Kulasekara,2
Hobart,ODI,Right,30.4,Fast,Straight Seam,Nuwan Kulasekara,4
Hobart,ODI,Right,30.5,Fast,Straight Seam,Nuwan Kulasekara,4
Hobart,ODI,Right,31.4,Fast,Inswinger,Thisara Perera,1
Hobart,ODI,Right,31.6,Fast,Straight Seam,Thisara Perera,4
Hobart,ODI,Right,32.2,Fast,Straight Seam,Lasith Malinga,1
Hobart,ODI,Right,32.5,Fast,Inswinger,Lasith Malinga,1
Hobart,ODI,Right,33.1,Fast,Straight Seam,Thisara Perera,2
Hobart,ODI,Right,33.2,Fast,Inswinger,Thisara Perera,0
Hobart,ODI,Right,33.3,Fast,Inswinger,Thisara Perera,1
Hobart,ODI,Right,33.5,Fast,Straight Seam,Thisara Perera,1
Hobart,ODI,Right,34.1,Fast,Outswinger,Lasith Malinga,2
Hobart,ODI,Right,34.2,Fast,Straight Seam,Lasith Malinga,6
Hobart,ODI,Right,34.3,Fast,Bouncer,Lasith Malinga,4
Hobart,ODI,Right,34.4,Fast,Bouncer,Lasith Malinga,4
Hobart,ODI,Right,34.5,Fast,Straight Seam,Lasith Malinga,4
Hobart,ODI,Right,34.6,Fast,Inswinger,Lasith Malinga,4
Hobart,ODI,Right,35.3,Fast,Straight Seam,Angelo Mathews,1
Hobart,ODI,Right,35.5,Fast,Bouncer,Angelo Mathews,1
Hobart,ODI,Right,36.1,Fast,Inswinger,Lasith Malinga,4
Hobart,ODI,Right,36.2,Fast,Straight Seam,Lasith Malinga,1
Hobart,ODI,Right,36.3,Fast,Inswinger,Lasith Malinga,4
Hobart,ODI,Right,36.4,Fast,Straight Seam,Lasith Malinga,4
Mirpur,ODI,Right,5.4,Fast,Straight Seam,Suranga Lakmal,1
Mirpur,ODI,Right,6.1,Fast,Inswinger,Nuwan Kulasekara,0
Mirpur,ODI,Right,6.2,Fast,Straight Seam,Nuwan Kulasekara,0
Mirpur,ODI,Right,6.3,Fast,Outswinger,Nuwan Kulasekara,0
Mirpur,ODI,Right,6.4,Fast,Straight Seam,Nuwan Kulasekara,0
Mirpur,ODI,Right,6.5,Fast,Inswinger,Nuwan Kulasekara,1
Mirpur,ODI,Right,7.1,Fast,Straight Seam,Suranga Lakmal,0
Mirpur,ODI,Right,7.2,Fast,Inswinger,Suranga Lakmal,0
Mirpur,ODI,Right,7.3,Fast,Straight Seam,Suranga Lakmal,2
Mirpur,ODI,Right,7.4,Fast,Outswinger,Suranga Lakmal,0
Mirpur,ODI,Right,7.5,Fast,Straight Seam,Suranga Lakmal,0
Mirpur,ODI,Right,7.6,Fast,Outswinger,Suranga Lakmal,4
Mirpur,ODI,Right,8.3,Fast,Outswinger,Nuwan Kulasekara,1
Mirpur,ODI,Right,8.6,Fast,Straight Seam,Nuwan Kulasekara,1
Mirpur,ODI,Right,9.1,Fast,Outswinger,Suranga Lakmal,1
Mirpur,ODI,Right,9.6,Fast,Inswinger,Suranga Lakmal,2
Mirpur,ODI,Right,10.4,Fast,Straight Seam,T.Dilshan,0
Mirpur,ODI,Right,10.5,Fast,Inswinger,T.Dilshan,1
Mirpur,ODI,Right,11.1,Fast,Inswinger,S.Prasanna,1
Mirpur,ODI,Right,11.3,Fast,Straight Seam,S.Prasanna,1
Mirpur,ODI,Right,11.6,Fast,Straight Seam,S.Prasanna,1
Mirpur,ODI,Right,12.1,Fast,Inswinger,T.Dilshan,1
Mirpur,ODI,Right,13.1,Fast,Straight Seam,S.Prasanna,0
Mirpur,ODI,Right,13.2,Fast,Straight Seam,S.Prasanna,0
Mirpur,ODI,Right,13.3,Fast,Outswinger,S.Prasanna,0
Mirpur,ODI,Right,13.4,Fast,Straight Seam,S.Prasanna,1
Mirpur,ODI,Right,14.5,Fast,Inswinger,T.Dilshan,1
Mirpur,ODI,Right,15.2,Fast,Straight Seam,Farveez Mahroof,1
Mirpur,ODI,Right,15.4,Fast,Outswinger,Farveez Mahroof,0
Mirpur,ODI,Right,15.5,Fast,Straight Seam,Farveez Mahroof,1
Mirpur,ODI,Right,16.1,Fast,Outswinger,S.Prasanna,1
Mirpur,ODI,Right,16.4,Fast,Straight Seam,S.Prasanna,1
Mirpur,ODI,Right,16.6,Fast,Inswinger,S.Prasanna,1
Mirpur,ODI,Right,17.1,Fast,Bouncer,Farveez Mahroof,0
Mirpur,ODI,Right,17.2,Fast,Straight Seam,Farveez Mahroof,1
Mirpur,ODI,Right,17.4,Fast,Inswinger,Farveez Mahroof,0
Mirpur,ODI,Right,17.5,Fast,Straight Seam,Farveez Mahroof,0
Mirpur,ODI,Right,17.6,Fast,Bouncer,Farveez Mahroof,0
Mirpur,ODI,Right,18.4,Fast,Straight Seam,Nuwan Kulasekara,0
Mirpur,ODI,Right,18.5,Fast,Inswinger,Nuwan Kulasekara,1
Mirpur,ODI,Right,19.3,Fast,Straight Seam,Farveez Mahroof,1
Mirpur,ODI,Right,20.1,Fast,Inswinger,T.Dilshan,1
Mirpur,ODI,Right,20.4,Fast,Straight Seam,T.Dilshan,1
Mirpur,ODI,Right,20.6,Fast,Bouncer,T.Dilshan,1
Mirpur,ODI,Right,21.1,Fast,Straight Seam,Farveez Mahroof,0
Mirpur,ODI,Right,21.2,Fast,Bouncer,Farveez Mahroof,0
Mirpur,ODI,Right,21.3,Fast,Inswinger,Farveez Mahroof,1
Mirpur,ODI,Right,21.4,Fast,Straight Seam,Farveez Mahroof,1
Mirpur,ODI,Right,21.6,Fast,Inswinger,Farveez Mahroof,1
Mirpur,ODI,Right,22.1,Fast,Straight Seam,T.Dilshan,1
Mirpur,ODI,Right,22.5,Fast,Bouncer,T.Dilshan,1
Mirpur,ODI,Right,23.2,Fast,Bouncer,Farveez Mahroof,1
Mirpur,ODI,Right,23.4,Fast,Straight Seam,Farveez Mahroof,0
Mirpur,ODI,Right,23.5,Fast,Straight Seam,Farveez Mahroof,1
Mirpur,ODI,Right,24.1,Fast,Inswinger,T.Dilshan,1
Mirpur,ODI,Right,24.3,Fast,Straight Seam,T.Dilshan,1
Mirpur,ODI,Right,24.5,Fast,Inswinger,T.Dilshan,0
Mirpur,ODI,Right,24.6,Fast,Bouncer,T.Dilshan,0
Mirpur,ODI,Right,25.2,Fast,Straight Seam,S.Prasanna,1
Mirpur,ODI,Right,25.4,Fast,Bouncer,S.Prasanna,1
Mirpur,ODI,Right,26.1,Fast,Straight Seam,T.Dilshan,1
Mirpur,ODI,Right,26.3,Fast,Inswinger,T.Dilshan,1
Mirpur,ODI,Right,26.6,Fast,Straight Seam,T.Dilshan,4
Mirpur,ODI,Right,27.5,Fast,Inswinger,S.Prasanna,1
Mirpur,ODI,Right,28.2,Fast,Straight Seam,T.Dilshan,0
Mirpur,ODI,Right,28.3,Fast,Bouncer,T.Dilshan,1
Mirpur,ODI,Right,28.5,Fast,Inswinger,T.Dilshan,1
Mirpur,ODI,Right,29.2,Fast,Inswinger,S.Prasanna,1
Mirpur,ODI,Right,29.3,Fast,Straight Seam,S.Prasanna,0
Mirpur,ODI,Right,29.4,Fast,Bouncer,S.Prasanna,4
Mirpur,ODI,Right,29.5,Fast,Bouncer,S.Prasanna,0
Mirpur,ODI,Right,29.6,Fast,Straight Seam,S.Prasanna,0
Mirpur,ODI,Right,30.2,Fast,Straight Seam,T.Dilshan,4
Mirpur,ODI,Right,30.3,Fast,Inswinger,T.Dilshan,1
Mirpur,ODI,Right,30.5,Fast,Inswinger,T.Dilshan,0
Mirpur,ODI,Right,30.6,Fast,Straight Seam,T.Dilshan,2
Mirpur,ODI,Right,31.2,Fast,Bouncer,S.Prasanna,0
Mirpur,ODI,Right,31.3,Fast,Inswinger,S.Prasanna,0
Mirpur,ODI,Right,31.4,Fast,Straight Seam,S.Prasanna,2
Mirpur,ODI,Right,31.5,Fast,Bouncer,S.Prasanna,1
Mirpur,ODI,Right,32.2,Fast,Straight Seam,T.Dilshan,2
Mirpur,ODI,Right,32.3,Fast,Inswinger,T.Dilshan,1
Mirpur,ODI,Right,32.5,Fast,Straight Seam,T.Dilshan,1
Mirpur,ODI,Right,33.1,Fast,Bouncer,S.Prasanna,2
Mirpur,ODI,Right,33.2,Fast,Straight Seam,S.Prasanna,0
Mirpur,ODI,Right,33.3,Fast,Inswinger,S.Prasanna,2
Mirpur,ODI,Right,33.4,Fast,Straight Seam,S.Prasanna,1
Mirpur,ODI,Right,33.6,Fast,Straight Seam,S.Prasanna,0
Mirpur,ODI,Right,34.2,Fast,Bouncer,C. kapugedera ,0
Mirpur,ODI,Right,34.3,Fast,Straight Seam,C. kapugedera ,0
Mirpur,ODI,Right,34.4,Fast,Inswinger,C. kapugedera ,1
Mirpur,ODI,Right,34.6,Fast,Bouncer,C. kapugedera ,4
Mirpur,ODI,Right,35.4,Fast,Straight Seam,Farveez Mahroof,1
Mirpur,ODI,Right,35.6,Fast,Inswinger,Farveez Mahroof,0
Mirpur,ODI,Right,36.2,Fast,Straight Seam,Suranga Lakmal,4
Mirpur,ODI,Right,36.3,Fast,Bouncer,Suranga Lakmal,0
Mirpur,ODI,Right,36.4,Fast,Straight Seam,Suranga Lakmal,0
Mirpur,ODI,Right,36.5,Fast,Bouncer,Suranga Lakmal,1
Mirpur,ODI,Right,37.1,Fast,Straight Seam,Farveez Mahroof,0
Mirpur,ODI,Right,37.2,Fast,Straight Seam,Farveez Mahroof,1
Mirpur,ODI,Right,37.4,Fast,Inswinger,Farveez Mahroof,1
Mirpur,ODI,Right,38.2,Fast,Straight Seam,Suranga Lakmal,0
Mirpur,ODI,Right,38.3,Fast,Straight Seam,Suranga Lakmal,1
Mirpur,ODI,Right,38.5,Fast,Bouncer,Suranga Lakmal,2
Mirpur,ODI,Right,38.6,Fast,Straight Seam,Suranga Lakmal,2
Mirpur,ODI,Right,39.2,Fast,Inswinger,Nuwan Kulasekara,2
Mirpur,ODI,Right,39.3,Fast,Inswinger,Nuwan Kulasekara,1
Mirpur,ODI,Right,39.5,Fast,Straight Seam,Nuwan Kulasekara,1
Mirpur,ODI,Right,40.1,Fast,Bouncer,Farveez Mahroof,1
Mirpur,ODI,Right,40.4,Fast,Straight Seam,Farveez Mahroof,1
Mirpur,ODI,Right,41.1,Fast,Inswinger,Nuwan Kulasekara,0
Mirpur,ODI,Right,41.2,Fast,Straight Seam,Nuwan Kulasekara,1
Mirpur,ODI,Right,41.3,Fast,Straight Seam,Nuwan Kulasekara,1
Mirpur,ODI,Right,41.4,Fast,Inswinger,Farveez Mahroof,4
Mirpur,ODI,Right,41.5,Fast,Straight Seam,Farveez Mahroof,1
Mirpur,ODI,Right,41.6,Fast,Bouncer,Farveez Mahroof,2
Mirpur,ODI,Right,42.2,Fast,Straight Seam,Farveez Mahroof,0
Mirpur,ODI,Right,42.3,Fast,Inswinger,Farveez Mahroof,0
Mirpur,ODI,Right,42.4,Fast,Straight Seam,Farveez Mahroof,0
Mirpur,ODI,Right,42.5,Fast,Straight Seam,Farveez Mahroof,W
Mirpur,ODI,Right,5.6,Fast,Straight Seam,Shafiul Islam,0
Mirpur,ODI,Right,6.5,Fast,Inswinger,Shahadat Hossain,0
Mirpur,ODI,Right,6.6,Fast,Straight Seam,Shahadat Hossain,4
Mirpur,ODI,Right,7.3,Fast,Inswinger,Shafiul Islam,0
Mirpur,ODI,Right,7.4,Fast,Straight Seam,Shafiul Islam,0
Mirpur,ODI,Right,7.5,Fast,Straight Seam,Shafiul Islam,0
Mirpur,ODI,Right,7.6,Fast,Inswinger,Shafiul Islam,4
Mirpur,ODI,Right,8.3,Spin,Doosra,Shakib Al Hasan,1
Mirpur,ODI,Right,9.3,Fast,Straight Seam,Shafiul Islam,0
Mirpur,ODI,Right,9.4,Fast,Straight Seam,Shafiul Islam,1
Mirpur,ODI,Right,10.2,Fast,Inswinger,Shahadat Hossain,1
Mirpur,ODI,Right,10.5,Fast,Straight Seam,Shahadat Hossain,0
Mirpur,ODI,Right,10.6,Fast,Inswinger,Shahadat Hossain,4
Mirpur,ODI,Left,11.3,Spin,Topspin ,Abdur Razzak,0
Mirpur,ODI,Left,11.4,Spin,Topspin ,Abdur Razzak,1
Mirpur,ODI,Right,12.1,Fast,Straight Seam,Shahadat Hossain,0
Mirpur,ODI,Right,12.2,Fast,Straight Seam,Shahadat Hossain,0
Mirpur,ODI,Right,12.3,Fast,Straight Seam,Shahadat Hossain,1
Mirpur,ODI,Right,12.5,Fast,Straight Seam,Shahadat Hossain,0
Mirpur,ODI,Right,12.6,Fast,Straight Seam,Shahadat Hossain,1
Mirpur,ODI,Left,13.1,Spin,Doosra,Abdur Razzak,0
Mirpur,ODI,Left,13.2,Spin,Topspin ,Abdur Razzak,0
Mirpur,ODI,Left,13.3,Spin,Straight Seam,Abdur Razzak,1
Mirpur,ODI,Right,14.1,Fast,Inswinger,Shahadat Hossain,0
Mirpur,ODI,Right,14.2,Fast,Straight Seam,Shahadat Hossain,0
Mirpur,ODI,Right,14.3,Fast,Straight Seam,Shahadat Hossain,1
Mirpur,ODI,Right,14.5,Fast,Inswinger,Shahadat Hossain,1
Mirpur,ODI,Left,15.1,Spin,Straight Seam,Abdur Razzak,0
Mirpur,ODI,Left,15.2,Spin,Doosra,Abdur Razzak,0
Mirpur,ODI,Left,15.3,Spin,Straight Seam,Abdur Razzak,0
Mirpur,ODI,Left,15.4,Spin,Topspin ,Abdur Razzak,1
Mirpur,ODI,Right,16.5,Spin,Topspin ,Shakib Al Hasan,1
Mirpur,ODI,Left,17.1,Spin,Straight Seam,Abdur Razzak,0
Mirpur,ODI,Left,17.2,Spin,Off Spin,Abdur Razzak,1
Mirpur,ODI,Left,17.6,Spin,Off Spin,Abdur Razzak,0
Mirpur,ODI,Left,19.3,Spin,Off Spin,Abdur Razzak,1
Mirpur,ODI,Left,19.5,Spin,Off Spin,Abdur Razzak,1
Mirpur,ODI,Right,20.1,Spin,Leg Spin,Shakib Al Hasan,1
Mirpur,ODI,Right,20.3,Spin,Leg Spin,Shakib Al Hasan,1
Mirpur,ODI,Right,20.5,Spin,Leg Spin,Shakib Al Hasan,1
Mirpur,ODI,Right,21.3,Spin,Off Spin,Mahmudullah Riyad,0
Mirpur,ODI,Right,21.4,Spin,Off Spin,Mahmudullah Riyad,2
Mirpur,ODI,Right,21.5,Spin,Off Spin,Mahmudullah Riyad,1
Mirpur,ODI,Right,22.1,Spin,Off Spin,Nasir Hossain,4
Mirpur,ODI,Right,22.2,Spin,Off Spin,Nasir Hossain,0
Mirpur,ODI,Right,22.3,Spin,Off Spin,Nasir Hossain,1
Mirpur,ODI,Right,22.6,Spin,Off Spin,Nasir Hossain,0
Mirpur,ODI,Right,23.2,Spin,Leg Spin,shakib Al Hasan,1
Mirpur,ODI,Right,23.4,Spin,Leg Spin,shakib Al Hasan,1
Mirpur,ODI,Right,23.6,Spin,Leg Spin,shakib Al Hasan,1
Mirpur,ODI,Right,24.1,Spin,Off Spin,Mahmudullah Riyad,0
Mirpur,ODI,Right,24.2,Spin,Off Spin,Mahmudullah Riyad,2
Mirpur,ODI,Right,24.3,Spin,Off Spin,Mahmudullah Riyad,1
Mirpur,ODI,Right,24.6,Spin,Off Spin,Mahmudullah Riyad,1
Mirpur,ODI,Right,25.1,Spin,Leg Spin,Shakib Al Hasan,1
Mirpur,ODI,Right,26.3,Spin,Off Spin,Mahmudullah Riyad,1
Mirpur,ODI,Right,26.5,Spin,Off Spin,Mahmudullah Riyad,1
Mirpur,ODI,Right,27.2,Fast,Off Spin,Mashrafe Bin Mortaza,0
Mirpur,ODI,Right,27.3,Fast,Off Spin,Mashrafe Bin Mortaza,0
Mirpur,ODI,Right,27.4,Fast,Off Spin,Mashrafe Bin Mortaza,0
Mirpur,ODI,Right,27.5,Fast,Off Spin,Mashrafe Bin Mortaza,1
Mirpur,ODI,Right,28.2,Spin,Off Spin,Mahmudullah Riyad,1
Mirpur,ODI,Right,28.4,Spin,Off Spin,Mahmudullah Riyad,1
Mirpur,ODI,Right,28.6,Spin,Off Spin,Mahmudullah Riyad,1
Mirpur,ODI,Right,29.1,Fast,Straight Seam,Mashrafe Bin Mortaza,1
Mirpur,ODI,Right,29.4,Fast,Inswinger,Mashrafe Bin Mortaza,4
Mirpur,ODI,Right,29.5,Fast,Straight Seam,Mashrafe Bin Mortaza,0
Mirpur,ODI,Right,29.6,Fast,Inswinger,Mashrafe Bin Mortaza,1
Mirpur,ODI,Left,30.1,Spin,Off Spin,Abdur Razzak,1
Mirpur,ODI,Left,30.3,Spin,Off Spin,Abdur Razzak,1
Mirpur,ODI,Right,31.2,Fast,Straight Seam,Mashrafe Bin Mortaza,1
Mirpur,ODI,Right,31.5,Fast,Inswinger,Mashrafe Bin Mortaza,0
Mirpur,ODI,Right,31.6,Fast,Straight Seam,Mashrafe Bin Mortaza,1
Mirpur,ODI,Right,32.1,Fast,Straight Seam,Shahadat Hossain,1
Mirpur,ODI,Right,32.5,Fast,Straight Seam,Shahadat Hossain,0
Mirpur,ODI,Right,32.6,Fast,Inswinger,Shahadat Hossain,0
Mirpur,ODI,Right,34.1,Fast,Straight Seam,Shahadat Hossain,0
Mirpur,ODI,Right,34.2,Fast,Inswinger,Shahadat Hossain,0
Mirpur,ODI,Right,34.3,Fast,Straight Seam,Shahadat Hossain,1
Mirpur,ODI,Left,35.1,Spin,Straight Seam,Abdur Razzak,2
Mirpur,ODI,Left,35.2,Spin,Straight Seam,Abdur Razzak,1
Mirpur,ODI,Left,35.5,Spin,Topspin ,Abdur Razzak,W
Mirpur,ODI,Right,0.3,Spin,Off Spin,Mohammad Hafeez,0
Mirpur,ODI,Right,0.4,Spin,Off Spin,Mohammad Hafeez,1
Mirpur,ODI,Right,0.6,Spin,Off Spin,Mohammad Hafeez,1
Mirpur,ODI,Right,1.1,Fast,Straight Seam,Umar Gul,0
Mirpur,ODI,Right,1.2,Fast,Straight Seam,Umar Gul,0
Mirpur,ODI,Right,1.3,Fast,Straight Seam,Umar Gul,0
Mirpur,ODI,Right,1.4,Fast,Straight Seam,Umar Gul,0
Mirpur,ODI,Right,1.6,Fast,Straight Seam,Umar Gul,4
Mirpur,ODI,Right,2.3,Fast,Straight Seam,Aizaz Cheema,4
Mirpur,ODI,Right,2.4,Fast,Straight Seam,Aizaz Cheema,1
Mirpur,ODI,Right,3.1,Fast,Straight Seam,Umar Gul,0
Mirpur,ODI,Right,3.2,Fast,Straight Seam,Umar Gul,0
Mirpur,ODI,Right,3.3,Fast,Straight Seam,Umar Gul,0
Mirpur,ODI,Right,3.4,Fast,Straight Seam,Umar Gul,0
Mirpur,ODI,Right,3.5,Fast,Straight Seam,Umar Gul,0
Mirpur,ODI,Right,3.6,Fast,Straight Seam,Umar Gul,4
Mirpur,ODI,Right,4.4,Fast,Straight Seam,Aizaz Cheema,0
Mirpur,ODI,Right,4.5,Fast,Straight Seam,Aizaz Cheema,1
Mirpur,ODI,Right,5.1,Fast,Straight Seam,Umar Gul,0
Mirpur,ODI,Right,5.2,Fast,Straight Seam,Umar Gul,0
Mirpur,ODI,Right,5.3,Fast,Straight Seam,Umar Gul,1
Mirpur,ODI,Right,5.5,Fast,Straight Seam,Umar Gul,2
Mirpur,ODI,Right,5.6,Fast,Straight Seam,Umar Gul,0
Mirpur,ODI,Right,6.4,Fast,Straight Seam,Aizaz Cheema,0
Mirpur,ODI,Right,6.5,Fast,Straight Seam,Aizaz Cheema,0
Mirpur,ODI,Right,6.6,Fast,Straight Seam,Aizaz Cheema,2
Mirpur,ODI,Right,7.2,Fast,Straight Seam,Umar Gul,0
Mirpur,ODI,Right,7.3,Fast,Straight Seam,Umar Gul,0
Mirpur,ODI,Right,7.4,Fast,Straight Seam,Umar Gul,1
Mirpur,ODI,Right,8.1,Fast,Straight Seam,Aizaz Cheema,1
Mirpur,ODI,Right,9.1,Spin,Off Spin,Saeed Ajmal,0
Mirpur,ODI,Right,9.2,Spin,Off Spin,Saeed Ajmal,0
Mirpur,ODI,Right,9.3,Spin,Off Spin,Saeed Ajmal,0
Mirpur,ODI,Right,9.4,Spin,Off Spin,Saeed Ajmal,1
Mirpur,ODI,Right,10.3,Spin,Leg Spin,Shahid Afridi,1
Mirpur,ODI,Right,10.5,Spin,Leg Spin,Shahid Afridi,0
Mirpur,ODI,Right,10.6,Spin,Leg Spin,Shahid Afridi,2
Mirpur,ODI,Right,11.2,Spin,Off Spin,Mohammad Hafeez,1
Mirpur,ODI,Right,11.6,Spin,Off Spin,Mohammad Hafeez,1
Mirpur,ODI,Right,12.1,Spin,Leg Spin,Shahid Afridi,0
Mirpur,ODI,Right,12.2,Spin,Leg Spin,Shahid Afridi,1
Mirpur,ODI,Right,12.5,Spin,Leg Spin,Shahid Afridi,4
Mirpur,ODI,Right,12.6,Spin,Leg Spin,Shahid Afridi,2
Mirpur,ODI,Right,13.2,Spin,Off Spin,Mohammad Hafeez,0
Mirpur,ODI,Right,13.3,Spin,Off Spin,Mohammad Hafeez,1
Mirpur,ODI,Right,13.5,Spin,Off Spin,Mohammad Hafeez,1
Mirpur,ODI,Right,14.1,Fast,Straight Seam,Wahab Riaz,4
Mirpur,ODI,Right,14.2,Fast,Straight Seam,Wahab Riaz,2
Mirpur,ODI,Right,14.3,Fast,Straight Seam,Wahab Riaz,1
Mirpur,ODI,Right,15.1,Spin,Off Spin,Saeed Ajmal,1
Mirpur,ODI,Right,15.5,Spin,Off Spin,Saeed Ajmal,0
Mirpur,ODI,Right,15.6,Spin,Off Spin,Saeed Ajmal,4
Mirpur,ODI,Right,16.2,Fast,Straight Seam,Wahab Riaz,4
Mirpur,ODI,Right,16.3,Fast,Straight Seam,Wahab Riaz,1
Mirpur,ODI,Right,16.6,Fast,Straight Seam,Wahab Riaz,1
Mirpur,ODI,Right,17.1,Spin,Off Spin,Saeed Ajmal,0
Mirpur,ODI,Right,17.2,Spin,Off Spin,Saeed Ajmal,0
Mirpur,ODI,Right,17.3,Spin,Off Spin,Saeed Ajmal,0
Mirpur,ODI,Right,17.4,Spin,Off Spin,Saeed Ajmal,0
Mirpur,ODI,Right,17.5,Spin,Off Spin,Saeed Ajmal,0
Mirpur,ODI,Right,17.6,Spin,Off Spin,Saeed Ajmal,1
Mirpur,ODI,Right,18.1,Fast,Straight Seam,Wahab Riaz,6
Mirpur,ODI,Right,18.2,Fast,Straight Seam,Wahab Riaz,0
Mirpur,ODI,Right,18.3,Fast,Straight Seam,Wahab Riaz,0
Mirpur,ODI,Right,18.3,Fast,Straight Seam,Wahab Riaz,4
Mirpur,ODI,Right,18.4,Fast,Straight Seam,Wahab Riaz,1
Mirpur,ODI,Right,18.6,Fast,Straight Seam,Wahab Riaz,4
Mirpur,ODI,Right,19.2,Spin,Off Spin,Saeed Ajmal,1
Mirpur,ODI,Right,20.1,Spin,Leg Spin,Shahid Afridi,0
Mirpur,ODI,Right,20.2,Spin,Leg Spin,Shahid Afridi,2
Mirpur,ODI,Right,20.3,Spin,Leg Spin,Shahid Afridi,0
Mirpur,ODI,Right,20.4,Spin,Leg Spin,Shahid Afridi,0
Mirpur,ODI,Right,20.5,Spin,Leg Spin,Shahid Afridi,1
Mirpur,ODI,Right,21.1,Spin,Off Spin,Saeed Ajmal,0
Mirpur,ODI,Right,21.2,Spin,Off Spin,Saeed Ajmal,0
Mirpur,ODI,Right,21.5,Spin,Off Spin,Saeed Ajmal,4
Mirpur,ODI,Right,21.6,Spin,Off Spin,Saeed Ajmal,4
Mirpur,ODI,Right,22.2,Spin,Leg Spin,Shahid Afridi,2
Mirpur,ODI,Right,22.3,Spin,Leg Spin,Shahid Afridi,1
Mirpur,ODI,Right,22.5,Spin,Leg Spin,Shahid Afridi,1
Mirpur,ODI,Right,23.3,Spin,Off Spin,Mohammad Hafeez,1
Mirpur,ODI,Right,23.5,Spin,Off Spin,Mohammad Hafeez,1
Mirpur,ODI,Right,25.3,Spin,Off Spin,Mohammad Hafeez,0
Mirpur,ODI,Right,25.4,Spin,Off Spin,Mohammad Hafeez,1
Mirpur,ODI,Right,25.6,Spin,Off Spin,Mohammad Hafeez,0
Mirpur,ODI,Right,27.1,Spin,Off Spin,Mohammad Hafeez,1
Mirpur,ODI,Right,27.3,Spin,Off Spin,Mohammad Hafeez,1
Mirpur,ODI,Right,27.6,Spin,Off Spin,Mohammad Hafeez,0
Mirpur,ODI,Right,29.1,Spin,Off Spin,Mohammad Hafeez,0
Mirpur,ODI,Right,29.2,Spin,Off Spin,Mohammad Hafeez,1
Mirpur,ODI,Right,30.1,Fast,Straight Seam,Aizaz Cheema,1
Mirpur,ODI,Right,30.3,Fast,Straight Seam,Aizaz Cheema,0
Mirpur,ODI,Right,30.4,Fast,Straight Seam,Aizaz Cheema,1
Mirpur,ODI,Right,31.1,Spin,Off Spin,Mohammad Hafeez,1
Mirpur,ODI,Right,31.3,Spin,Off Spin,Mohammad Hafeez,0
Mirpur,ODI,Right,31.4,Spin,Off Spin,Mohammad Hafeez,1
Mirpur,ODI,Right,32.2,Fast,Straight Seam,Aizaz Cheema,0
Mirpur,ODI,Right,32.3,Fast,Straight Seam,Aizaz Cheema,1
Mirpur,ODI,Right,33.1,Spin,Off Spin,Mohammad Hafeez,2
Mirpur,ODI,Right,33.2,Spin,Off Spin,Mohammad Hafeez,1
Mirpur,ODI,Right,33.5,Spin,Off Spin,Mohammad Hafeez,1
Mirpur,ODI,Right,34.1,Fast,Straight Seam,Aizaz Cheema,1
Mirpur,ODI,Right,35.3,Spin,Off Spin,Saeed Ajmal,4
Mirpur,ODI,Right,35.4,Spin,Off Spin,Saeed Ajmal,0
Mirpur,ODI,Right,35.5,Spin,Off Spin,Saeed Ajmal,4
Mirpur,ODI,Right,35.6,Spin,Off Spin,Saeed Ajmal,1
Mirpur,ODI,Right,36.1,Fast,Straight Seam,Umar Gul,2
Mirpur,ODI,Right,36.2,Fast,Straight Seam,Umar Gul,0
Mirpur,ODI,Right,36.3,Fast,Straight Seam,Umar Gul,0
Mirpur,ODI,Right,36.4,Fast,Straight Seam,Umar Gul,1
Mirpur,ODI,Right,36.6,Fast,Straight Seam,Umar Gul,4
Mirpur,ODI,Right,37.4,Spin,Off Spin,Saeed Ajmal,1
Mirpur,ODI,Right,37.6,Spin,Off Spin,Saeed Ajmal,1
Mirpur,ODI,Right,38.1,Fast,Straight Seam,Umar Gul,1
Mirpur,ODI,Right,38.5,Fast,Straight Seam,Umar Gul,1
Mirpur,ODI,Right,39.5,Spin,Off Spin,Saeed Ajmal,0
Mirpur,ODI,Right,39.6,Spin,Off Spin,Saeed Ajmal,1
Mirpur,ODI,Right,40.1,Fast,Straight Seam,Umar Gul,0
Mirpur,ODI,Right,40.2,Fast,Straight Seam,Umar Gul,3
Mirpur,ODI,Right,40.4,Fast,Straight Seam,Umar Gul,4
Mirpur,ODI,Right,40.5,Fast,Straight Seam,Umar Gul,6
Mirpur,ODI,Right,40.6,Fast,Straight Seam,Umar Gul,2
Mirpur,ODI,Right,41.2,Fast,Straight Seam,Wahab Riaz,0
Mirpur,ODI,Right,41.3,Fast,Straight Seam,Wahab Riaz,4
Mirpur,ODI,Right,41.4,Fast,Straight Seam,Wahab Riaz,4
Mirpur,ODI,Right,41.5,Fast,Straight Seam,Wahab Riaz,4
Mirpur,ODI,Right,41.6,Fast,Straight Seam,Wahab Riaz,0
Mirpur,ODI,Right,42.3,Spin,Straight Seam,Shahid Afridi,1
Mirpur,ODI,Right,43.2,Spin,Leg Spin,Saeed Ajmal,4
Mirpur,ODI,Right,43.3,Spin,Leg Spin,Saeed Ajmal,1
Mirpur,ODI,Right,43.6,Spin,Leg Spin,Saeed Ajmal,2
Mirpur,ODI,Right,44.4,Spin,Off Spin,Shahid Afridi,4
Mirpur,ODI,Right,44.5,Spin,Off Spin,Shahid Afridi,1
Mirpur,ODI,Right,45.1,Fast,Straight Seam,Umar Gul,4
Mirpur,ODI,Right,45.2,Fast,Straight Seam,Umar Gul,1
Mirpur,ODI,Right,45.3,Fast,Straight Seam,Umar Gul,1
Mirpur,ODI,Right,45.6,Fast,Straight Seam,Umar Gul,1
Mirpur,ODI,Right,46.1,Fast,Straight Seam,Aizaz Cheema,4
Mirpur,ODI,Right,46.2,Fast,Straight Seam,Aizaz Cheema,1
Mirpur,ODI,Right,46.4,Fast,Straight Seam,Aizaz Cheema,1
Mirpur,ODI,Right,47.1,Fast,Inswinger,Umar Gul,W
Hambantota,ODI,Right,2.3,Fast,Straight Seam,Nuwan Kulasekara,0
Hambantota,ODI,Right,2.4,Fast,Inswinger,Nuwan Kulasekara,0
Hambantota,ODI,Right,2.5,Fast,Straight Seam,Nuwan Kulasekara,4
Hambantota,ODI,Right,2.6,Fast,Outswinger,Nuwan Kulasekara,0
Hambantota,ODI,Right,3.6,Fast,Straight Seam,Lasith Malinga,4
Hambantota,ODI,Right,4.4,Fast,Inswinger,Nuwan Kulasekara,0
Hambantota,ODI,Right,4.5,Fast,Straight Seam,Nuwan Kulasekara,0
Hambantota,ODI,Right,4.6,Fast,Inswinger,Nuwan Kulasekara,0
Hambantota,ODI,Right,6.1,Fast,Straight Seam,Nuwan Kulasekara,0
Hambantota,ODI,Right,6.2,Fast,Outswinger,Nuwan Kulasekara,3
Hambantota,ODI,Right,7.1,Fast,Straight Seam,Angelo Mathews,0
Hambantota,ODI,Right,7.2,Fast,Outswinger,Angelo Mathews,0
Hambantota,ODI,Right,7.3,Fast,Outswinger,Angelo Mathews,1
Hambantota,ODI,Right,7.6,Fast,Straight Seam,Angelo Mathews,0
Hambantota,ODI,Right,8.5,Fast,Outswinger,Nuwan Kulasekara,0
Hambantota,ODI,Right,8.6,Fast,Inswinger,Nuwan Kulasekara,4
Hambantota,ODI,Right,9.3,Fast,Straight Seam,Angelo Mathews,0
Hambantota,ODI,Right,9.4,Fast,Inswinger,Angelo Mathews,0
Hambantota,ODI,Right,9.5,Fast,Inswinger,Angelo Mathews,0
Hambantota,ODI,Right,9.6,Fast,Straight Seam,Angelo Mathews,0
Hambantota,ODI,Right,10.4,Fast,Straight Seam,Thisara Perera,0
Hambantota,ODI,Right,10.5,Fast,Inswinger,Thisara Perera,0
Hambantota,ODI,Right,10.6,Fast,Straight Seam,Thisara Perera,1
Hambantota,ODI,Right,11.1,Fast,Straight Seam,Angelo Mathews,1
Hambantota,ODI,Right,11.5,Fast,Outswinger,Angelo Mathews,3
Hambantota,ODI,Right,12.5,Fast,Straight Seam,Thisara Perera,1
Hambantota,ODI,Right,13.2,Fast,Inswinger,T.Dilshan,1
Hambantota,ODI,Right,13.4,Fast,Straight Seam,T.Dilshan,0
Hambantota,ODI,Right,13.5,Fast,Outswinger,T.Dilshan,1
Hambantota,ODI,Right,14.3,Fast,Straight Seam,Thisara Perera,1
Hambantota,ODI,Right,14.5,Fast,Outswinger,Thisara Perera,2
Hambantota,ODI,Right,14.6,Fast,Straight Seam,Thisara Perera,1
Hambantota,ODI,Right,15.1,Fast,Inswinger,T.Dilshan,1
Hambantota,ODI,Right,15.4,Fast,Bouncer,T.Dilshan,1
Hambantota,ODI,Right,15.6,Fast,Straight Seam,T.Dilshan,1
Hambantota,ODI,Left,16.1,Spin,Off Spin,Rangana Herath,1
Hambantota,ODI,Left,16.3,Spin,Off Spin,Rangana Herath,1
Hambantota,ODI,Right,17.2,Fast,Bouncer,Angelo Mathews,0
Hambantota,ODI,Right,17.3,Fast,Straight Seam,Angelo Mathews,0
Hambantota,ODI,Right,17.4,Fast,Inswinger,Angelo Mathews,4
Hambantota,ODI,Right,17.5,Fast,Straight Seam,Angelo Mathews,0
Hambantota,ODI,Right,17.6,Fast,Inswinger,Angelo Mathews,1
Hambantota,ODI,Left,18.1,Spin,Off Spin,Rangana Herath,0
Hambantota,ODI,Left,18.2,Spin,Off Spin,Rangana Herath,0
Hambantota,ODI,Left,18.3,Spin,Topspin ,Rangana Herath,0
Hambantota,ODI,Left,18.4,Spin,Off Spin,Rangana Herath,0
Hambantota,ODI,Left,18.5,Spin,Topspin ,Rangana Herath,1
Hambantota,ODI,Right,19.1,Fast,Straight Seam,Angelo Mathews,1
Hambantota,ODI,Right,19.3,Fast,Inswinger,Angelo Mathews,1
Hambantota,ODI,Right,19.5,Fast,Straight Seam,Angelo Mathews,0
Hambantota,ODI,Right,19.6,Fast,Bouncer,Angelo Mathews,0
Hambantota,ODI,Right,20.2,Fast,Bouncer,Lasith Malinga,1
Hambantota,ODI,Right,20.5,Fast,Straight Seam,Lasith Malinga,0
Hambantota,ODI,Right,20.6,Fast,Straight Seam,Lasith Malinga,1
Hambantota,ODI,Right,21.1,Fast,Inswinger,T.Dilshan,2
Hambantota,ODI,Right,21.2,Fast,Straight Seam,T.Dilshan,0
Hambantota,ODI,Right,21.3,Fast,Inswinger,T.Dilshan,0
Hambantota,ODI,Right,21.4,Fast,Bouncer,T.Dilshan,2
Hambantota,ODI,Right,21.5,Fast,Straight Seam,T.Dilshan,1
Hambantota,ODI,Left,22.1,Spin,Off Spin,Rangana Herath,0
Hambantota,ODI,Left,22.2,Spin,Off Spin,Rangana Herath,1
Hambantota,ODI,Left,22.4,Spin,Topspin ,Rangana Herath,1
Hambantota,ODI,Left,22.6,Spin,Off Spin,Rangana Herath,1
Hambantota,ODI,Right,23.1,Fast,Inswinger,T.Dilshan,1
Hambantota,ODI,Right,23.3,Fast,Straight Seam,T.Dilshan,1
Hambantota,ODI,Right,23.5,Fast,Bouncer,T.Dilshan,1
Hambantota,ODI,Left,24.4,Spin,Off Spin,Rangana Herath,1
Hambantota,ODI,Left,24.6,Spin,Off Spin,Rangana Herath,0
Hambantota,ODI,Right,25.2,Fast,Straight Seam,T.Dilshan,0
Hambantota,ODI,Right,25.3,Fast,Bouncer,T.Dilshan,1
Hambantota,ODI,Right,25.5,Fast,Bouncer,T.Dilshan,1
Hambantota,ODI,Left,26.2,Spin,Off Spin,Rangana Herath,0
Hambantota,ODI,Left,26.3,Spin,Topspin ,Rangana Herath,0
Hambantota,ODI,Left,26.4,Spin,Off Spin,Rangana Herath,2
Hambantota,ODI,Left,26.5,Spin,Topspin ,Rangana Herath,1
Hambantota,ODI,Left,28.1,Spin,Off Spin,Rangana Herath,2
Hambantota,ODI,Left,28.2,Spin,Topspin ,Rangana Herath,1
Hambantota,ODI,Left,28.4,Spin,Off Spin,Rangana Herath,2
Hambantota,ODI,Left,28.5,Spin,Topspin ,Rangana Herath,1
Hambantota,ODI,Right,29.4,Fast,Bouncer,Thisara Perera,0
Hambantota,ODI,Right,29.5,Fast,Straight Seam,Thisara Perera,1
Hambantota,ODI,Left,30.1,Spin,Off Spin,Rangana Herath,0
Hambantota,ODI,Left,30.2,Spin,Off Spin,Rangana Herath,1
Hambantota,ODI,Left,30.6,Spin,Off Spin,Rangana Herath,1
Hambantota,ODI,Right,31.1,Fast,Straight Seam,Thisara Perera,4
Hambantota,ODI,Right,31.2,Fast,Inswinger,Thisara Perera,4
Hambantota,ODI,Right,31.3,Fast,Straight Seam,Thisara Perera,0
Hambantota,ODI,Right,31.4,Fast,Straight Seam,Thisara Perera,1
Hambantota,ODI,Right,31.6,Fast,Bouncer,Thisara Perera,1
Hambantota,ODI,Left,32.1,Spin,Off Spin,Rangana Herath,1
Hambantota,ODI,Left,32.3,Spin,Off Spin,Rangana Herath,0
Hambantota,ODI,Left,32.4,Spin,Off Spin,Rangana Herath,0
Hambantota,ODI,Right,33.3,Fast,Straight Seam,Angelo Mathews,1
Hambantota,ODI,Right,33.5,Fast,Inswinger,Angelo Mathews,1
Hambantota,ODI,Left,34.1,Spin,Straight Seam,Rangana Herath,1
Hambantota,ODI,Left,34.4,Spin,Bouncer,Rangana Herath,1
Hambantota,ODI,Right,35.1,Fast,Straight Seam,Angelo Mathews,0
Hambantota,ODI,Right,35.2,Fast,Bouncer,Angelo Mathews,4
Hambantota,ODI,Right,35.3,Fast,Straight Seam,Angelo Mathews,4
Hambantota,ODI,Right,35.4,Fast,Inswinger,Angelo Mathews,1
Hambantota,ODI,Right,36.1,Fast,Straight Seam,Rangana Herath,0
Hambantota,ODI,Left,36.2,Spin,Off Spin,Rangana Herath,0
Hambantota,ODI,Left,36.3,Spin,Off Spin,Rangana Herath,4
Hambantota,ODI,Left,36.4,Spin,Off Spin,Rangana Herath,1
Hambantota,ODI,Right,37.2,Fast,Inswinger,Lasith Malinga,1
Hambantota,ODI,Right,37.4,Fast,Inswinger,Lasith Malinga,1
Hambantota,ODI,Right,38.1,Fast,Straight Seam,Angelo Mathews,1
Hambantota,ODI,Right,38.3,Fast,Bouncer,Angelo Mathews,1
Hambantota,ODI,Right,38.5,Fast,Bouncer,Angelo Mathews,1
Hambantota,ODI,Right,39.2,Fast,Straight Seam,Thisara Perera,0
Hambantota,ODI,Right,39.3,Fast,Inswinger,Thisara Perera,1
Hambantota,ODI,Right,39.5,Fast,Straight Seam,Thisara Perera,2
Hambantota,ODI,Right,39.6,Fast,Straight Seam,Thisara Perera,W
Hambantota,ODI,Right,4.3,Fast,Inswinger,Lasith Malinga,0
Hambantota,ODI,Right,4.4,Fast,Inswinger,Lasith Malinga,1
Hambantota,ODI,Right,5.1,Fast,Straight Seam,Thisara Perera,0
Hambantota,ODI,Right,5.2,Fast,Straight Seam,Thisara Perera,0
Hambantota,ODI,Right,5.3,Fast,Straight Seam,Thisara Perera,W
Colombo,ODI,Right,1.5,Fast,Straight Seam,Thisara Perera,0
Colombo,ODI,Right,1.6,Fast,Inswinger,Thisara Perera,0
Colombo,ODI,Right,3.1,Fast,Straight Seam,Thisara Perera,1
Colombo,ODI,Right,4.1,Fast,Outswinger,Lasith Malinga,0
Colombo,ODI,Right,4.2,Fast,Straight Seam,Lasith Malinga,0
Colombo,ODI,Right,4.3,Fast,Inswinger,Lasith Malinga,0
Colombo,ODI,Right,4.4,Fast,Straight Seam,Lasith Malinga,1
Colombo,ODI,Right,5.1,Fast,Inswinger,Thisara Perera,0
Colombo,ODI,Right,5.2,Fast,Straight Seam,Thisara Perera,4
Colombo,ODI,Right,5.3,Fast,Outswinger,Thisara Perera,0
Colombo,ODI,Right,5.4,Fast,Straight Seam,Thisara Perera,0
Colombo,ODI,Right,5.5,Fast,Outswinger,Thisara Perera,1
Colombo,ODI,Left,6.2,Fast,Outswinger,Isuru Udana,0
Colombo,ODI,Left,6.3,Fast,Straight Seam,Isuru Udana,2
Colombo,ODI,Left,6.4,Fast,Outswinger,Isuru Udana,0
Colombo,ODI,Left,6.5,Fast,Inswinger,Isuru Udana,0
Colombo,ODI,Left,6.6,Fast,Straight Seam,Isuru Udana,0
Colombo,ODI,Right,7.4,Fast,Inswinger,Thisara Perera,0
Colombo,ODI,Right,7.5,Fast,Inswinger,Thisara Perera,1
Colombo,ODI,Left,8.2,Fast,Straight Seam,Isuru Udana,4
Colombo,ODI,Left,8.3,Fast,Straight Seam,Isuru Udana,0
Colombo,ODI,Left,8.4,Fast,Inswinger,Isuru Udana,0
Colombo,ODI,Left,8.5,Fast,Straight Seam,Isuru Udana,0
Colombo,ODI,Left,8.6,Fast,Straight Seam,Isuru Udana,0
Colombo,ODI,Right,9.2,Fast,Outswinger,Angelo Mathews,0
Colombo,ODI,Right,9.3,Fast,Straight Seam,Angelo Mathews,1
Colombo,ODI,Right,9.5,Fast,Inswinger,Angelo Mathews,0
Colombo,ODI,Right,9.6,Fast,Straight Seam,Angelo Mathews,0
Colombo,ODI,Left,10.4,Fast,Outswinger,Isuru Udana,0
Colombo,ODI,Left,10.5,Fast,Straight Seam,Isuru Udana,0
Colombo,ODI,Left,10.6,Fast,Outswinger,Isuru Udana,1
Colombo,ODI,Right,11.1,Fast,Straight Seam,Angelo Mathews,0
Colombo,ODI,Right,11.2,Fast,Outswinger,Angelo Mathews,1
Colombo,ODI,Right,11.5,Fast,Straight Seam,Angelo Mathews,2
Colombo,ODI,Right,11.6,Fast,Outswinger,Angelo Mathews,1
Colombo,ODI,Left,12.1,Fast,Outswinger,Isuru Udana,0
Colombo,ODI,Left,12.2,Fast,Straight Seam,Isuru Udana,2
Colombo,ODI,Left,12.3,Fast,Outswinger,Isuru Udana,1
Colombo,ODI,Left,12.5,Fast,Inswinger,Isuru Udana,1
Colombo,ODI,Right,13.1,Fast,Straight Seam,Angelo Mathews,0
Colombo,ODI,Right,13.2,Fast,Inswinger,Angelo Mathews,2
Colombo,ODI,Right,13.3,Fast,Inswinger,Angelo Mathews,0
Colombo,ODI,Right,13.4,Fast,Straight Seam,Angelo Mathews,1
Colombo,ODI,Left,14.1,Spin,Off Spin,Rangana Herath,0
Colombo,ODI,Left,14.2,Spin,Off Spin,Rangana Herath,1
Colombo,ODI,Left,14.4,Spin,Off Spin,Rangana Herath,0
Colombo,ODI,Left,14.5,Spin,Off Spin,Rangana Herath,0
Colombo,ODI,Left,14.6,Spin,Off Spin,Rangana Herath,1
Colombo,ODI,Right,15.1,Fast,Straight Seam,T.Dilshan,1
Colombo,ODI,Left,16.1,Spin,Off Spin,Rangana Herath,0
Colombo,ODI,Left,16.2,Spin,Off Spin,Rangana Herath,1
Colombo,ODI,Left,16.4,Spin,Off Spin,Rangana Herath,1
Colombo,ODI,Left,16.6,Spin,Off Spin,Rangana Herath,0
Colombo,ODI,Right,17.3,Fast,Straight Seam,T.Dilshan,1
Colombo,ODI,Right,17.5,Fast,Straight Seam,T.Dilshan,0
Colombo,ODI,Right,17.6,Fast,Straight Seam,T.Dilshan,1
Colombo,ODI,Left,18.1,Spin,Off Spin,Rangana Herath,1
Colombo,ODI,Left,18.3,Spin,Off Spin,Rangana Herath,1
Colombo,ODI,Left,18.6,Spin,Off Spin,Rangana Herath,0
Colombo,ODI,Right,19.2,Fast,Straight Seam,T.Dilshan,0
Colombo,ODI,Right,19.3,Fast,Straight Seam,T.Dilshan,0
Colombo,ODI,Right,19.4,Fast,Straight Seam,T.Dilshan,1
Colombo,ODI,Left,20.2,Spin,Off Spin,Rangana Herath,1
Colombo,ODI,Left,20.4,Spin,Off Spin,Rangana Herath,0
Colombo,ODI,Left,20.5,Spin,Topspin ,Rangana Herath,W
Colombo,ODI,Right,0.6,Fast,Straight Seam,Lasith Malinga,0
Colombo,ODI,Right,2.1,Fast,Straight Seam,Lasith Malinga,0
Colombo,ODI,Right,2.2,Fast,Straight Seam,Lasith Malinga,0
Colombo,ODI,Right,2.3,Fast,Straight Seam,Lasith Malinga,1
Colombo,ODI,Right,2.5,Fast,Inswinger,Lasith Malinga,0
Colombo,ODI,Right,2.6,Fast,Straight Seam,Lasith Malinga,0
Colombo,ODI,Right,3.3,Fast,Straight Seam,Thisara Perera,1
Colombo,ODI,Right,4.1,Fast,Straight Seam,Lasith Malinga,1
Colombo,ODI,Right,4.3,Fast,Straight Seam,Lasith Malinga,4
Colombo,ODI,Right,4.4,Fast,Full Toss,Lasith Malinga,0
Colombo,ODI,Right,4.5,Fast,Inswinger,Lasith Malinga,1
Colombo,ODI,Right,5.1,Fast,Straight Seam,Thisara Perera,2
Colombo,ODI,Right,5.2,Fast,Straight Seam,Thisara Perera,0
Colombo,ODI,Right,5.3,Fast,Straight Seam,Thisara Perera,1
Colombo,ODI,Right,6.1,Fast,Straight Seam,Lasith Malinga,0
Colombo,ODI,Right,6.2,Fast,Straight Seam,Lasith Malinga,0
Colombo,ODI,Right,6.3,Fast,Straight Seam,Lasith Malinga,1
Colombo,ODI,Right,6.5,Fast,Straight Seam,Lasith Malinga,0
Colombo,ODI,Right,6.6,Fast,Inswinger,Lasith Malinga,0
Colombo,ODI,Right,7.6,Fast,Straight Seam,Angelo Mathews,0
Colombo,ODI,Right,8.5,Fast,Straight Seam,Lasith Malinga,0
Colombo,ODI,Right,8.6,Fast,Straight Seam,Lasith Malinga,2
Colombo,ODI,Right,10.1,Fast,Inswinger,Nuwan Pradeep,1
Colombo,ODI,Right,11.1,Fast,Straight Seam,Angelo Mathews,0
Colombo,ODI,Right,11.2,Fast,Straight Seam,Angelo Mathews,0
Colombo,ODI,Right,11.3,Fast,Straight Seam,Angelo Mathews,0
Colombo,ODI,Right,11.4,Fast,Straight Seam,Angelo Mathews,1
Colombo,ODI,Right,12.1,Fast,Straight Seam,Nuwan Pradeep,1
Colombo,ODI,Right,13.1,Fast,Outswinger,Angelo Mathews,0
Colombo,ODI,Right,13.2,Fast,Straight Seam,Angelo Mathews,0
Colombo,ODI,Right,13.3,Fast,Bouncer,Angelo Mathews,1
Colombo,ODI,Right,14.1,Fast,Straight Seam,Nuwan Pradeep,0
Colombo,ODI,Right,14.2,Fast,Straight Seam,Nuwan Pradeep,0
Colombo,ODI,Right,14.3,Fast,Straight Seam,Nuwan Pradeep,1
Colombo,ODI,Right,15.1,Fast,Bouncer,Thisara Perera,1
Colombo,ODI,Right,16.1,Fast,Straight Seam,Nuwan Pradeep,0
Colombo,ODI,Right,16.1,Fast,Straight Seam,Nuwan Pradeep,0
Colombo,ODI,Right,16.3,Fast,Straight Seam,Nuwan Pradeep,2
Colombo,ODI,Right,16.3,Fast,Inswinger,Nuwan Pradeep,1
Colombo,ODI,Right,17.1,Fast,Straight Seam,Thisara Perera,0
Colombo,ODI,Right,17.2,Fast,Straight Seam,Thisara Perera,1
Colombo,ODI,Right,17.6,Fast,Outswinger,Thisara Perera,1
Colombo,ODI,Right,18.1,Fast,Straight Seam,Nuwan Pradeep,4
Colombo,ODI,Right,18.2,Fast,Straight Seam,Nuwan Pradeep,6
Colombo,ODI,Right,18.3,Fast,Straight Seam,Nuwan Pradeep,0
Colombo,ODI,Right,18.4,Fast,Bouncer,Nuwan Pradeep,1
Colombo,ODI,Right,19.1,Fast,Straight Seam,Angelo Mathews,0
Colombo,ODI,Right,19.2,Fast,Inswinger,Angelo Mathews,1
Colombo,ODI,Right,19.4,Fast,Inswinger,Angelo Mathews,1
Colombo,ODI,Left,20.1,Spin,Off Spin,Rangana Herath,0
Colombo,ODI,Left,20.2,Spin,Off Spin,Rangana Herath,0
Colombo,ODI,Left,20.3,Spin,Off Spin,Rangana Herath,0
Colombo,ODI,Left,20.4,Spin,Off Spin,Rangana Herath,1
Colombo,ODI,Left,20.6,Spin,Off Spin,Rangana Herath,0
Colombo,ODI,Left,22.1,Spin,Off Spin,Rangana Herath,1
Colombo,ODI,Left,22.4,Spin,Off Spin,Rangana Herath,1
Colombo,ODI,Right,23.1,Spin,Leg Spin,Jeevan Mendis,0
Colombo,ODI,Right,23.2,Spin,Leg Spin,Jeevan Mendis,1
Colombo,ODI,Left,24.1,Spin,Off Spin,Rangana Herath,1
Colombo,ODI,Left,24.6,Spin,Off Spin,Rangana Herath,1
Colombo,ODI,Right,25.1,Spin,Leg Spin,Jeevan Mendis,1
Colombo,ODI,Right,25.5,Spin,Leg Spin,Jeevan Mendis,2
Colombo,ODI,Right,25.6,Spin,Leg Spin,Jeevan Mendis,1
Colombo,ODI,Left,26.1,Spin,Off Spin,Rangana Herath,1
Colombo,ODI,Right,27.3,Spin,Leg Spin,Jeevan Mendis,1
Colombo,ODI,Right,27.5,Spin,Leg Spin,Jeevan Mendis,1
Colombo,ODI,Left,28.1,Spin,Off Spin,Rangana Herath,1
Colombo,ODI,Left,28.5,Spin,Off Spin,Rangana Herath,1
Colombo,ODI,Right,29.4,Spin,Leg Spin,Jeevan Mendis,0
Colombo,ODI,Right,29.5,Spin,Leg Spin,Jeevan Mendis,2
Colombo,ODI,Right,29.6,Spin,Leg Spin,Jeevan Mendis,0
Colombo,ODI,Left,30.2,Spin,Off Spin,Rangana Herath,1
Colombo,ODI,Left,30.4,Spin,Off Spin,Rangana Herath,4
Colombo,ODI,Left,30.5,Spin,Off Spin,Rangana Herath,0
Colombo,ODI,Left,30.6,Spin,Off Spin,Rangana Herath,1
Colombo,ODI,Right,31.1,Spin,Leg Spin,Jeevan Mendis,4
Colombo,ODI,Right,31.2,Spin,Leg Spin,Jeevan Mendis,1
Colombo,ODI,Right,31.4,Spin,Leg Spin,Jeevan Mendis,1
Colombo,ODI,Right,32.1,Fast,Straight Seam,Nuwan Pradeep,4
Colombo,ODI,Right,32.2,Fast,Straight Seam,Nuwan Pradeep,0
Colombo,ODI,Right,32.3,Fast,Straight Seam,Nuwan Pradeep,1
Colombo,ODI,Right,32.6,Fast,Straight Seam,Nuwan Pradeep,1
Colombo,ODI,Right,33.1,Spin,Straight Seam,Jeevan Mendis,2
Colombo,ODI,Right,33.2,Spin,Leg Spin,Jeevan Mendis,0
Colombo,ODI,Right,33.3,Spin,Leg Spin,Jeevan Mendis,1
Colombo,ODI,Right,33.5,Spin,Leg Spin,Jeevan Mendis,0
Colombo,ODI,Right,33.6,Spin,Leg Spin,Jeevan Mendis,1
Colombo,ODI,Right,34.1,Fast,Bouncer,Nuwan Pradeep,0
Colombo,ODI,Right,34.2,Fast,Straight Seam,Nuwan Pradeep,0
Colombo,ODI,Right,34.4,Fast,Straight Seam,Nuwan Pradeep,0
Colombo,ODI,Right,34.5,Fast,Straight Seam,Nuwan Pradeep,0
Colombo,ODI,Right,34.6,Fast,Bouncer,Nuwan Pradeep,1
Colombo,ODI,Right,35.1,Fast,Straight Seam,Lasith Malinga,0
Colombo,ODI,Right,35.2,Fast,Straight Seam,Lasith Malinga,0
Colombo,ODI,Right,35.3,Fast,Straight Seam,Lasith Malinga,0
Colombo,ODI,Right,35.4,Fast,Inswinger,Lasith Malinga,0
Colombo,ODI,Right,35.5,Fast,Straight Seam,Lasith Malinga,1
Colombo,ODI,Right,36.2,Fast,Straight Seam,Nuwan Pradeep,1
Colombo,ODI,Right,37.1,Fast,Straight Seam,Lasith Malinga,1
Colombo,ODI,Right,37.3,Fast,Straight Seam,Lasith Malinga,2
Colombo,ODI,Right,37.4,Fast,Straight Seam,Lasith Malinga,1
Colombo,ODI,Right,37.6,Fast,Straight Seam,Lasith Malinga,2
Colombo,ODI,Right,38.4,Fast,Straight Seam,Thisara Perera,0
Colombo,ODI,Right,38.5,Fast,Straight Seam,Thisara Perera,4
Colombo,ODI,Right,38.6,Fast,Inswinger,Thisara Perera,6
Colombo,ODI,Right,39.2,Fast,Straight Seam,Lasith Malinga,4
Colombo,ODI,Right,39.3,Fast,Straight Seam,Lasith Malinga,0
Colombo,ODI,Right,39.4,Fast,Straight Seam,Lasith Malinga,2
Colombo,ODI,Right,39.5,Fast,Inswinger,Lasith Malinga,4
Colombo,ODI,Right,39.6,Fast,Straight Seam,Lasith Malinga,2
Colombo,ODI,Right,40.2,Fast,Straight Seam,T.Dilshan,0
Colombo,ODI,Right,40.3,Fast,Straight Seam,T.Dilshan,1
Colombo,ODI,Right,40.5,Fast,Straight Seam,T.Dilshan,1
Colombo,ODI,Left,41.1,Spin,Off Spin,Rangana Herath,4
Colombo,ODI,Left,41.2,Spin,Off Spin,Rangana Herath,4
Colombo,ODI,Left,41.3,Spin,Off Spin,Rangana Herath,0
Colombo,ODI,Left,41.4,Spin,Off Spin,Rangana Herath,2
Colombo,ODI,Left,41.5,Spin,Off Spin,Rangana Herath,4
Colombo,ODI,Left,41.6,Spin,Off Spin,Rangana Herath,4
Pallekele,ODI,Right,5.2,Fast,Straight Seam,Thisara Perera,0
Pallekele,ODI,Right,5.3,Fast,Straight Seam,Thisara Perera,0
Pallekele,ODI,Right,5.4,Fast,Straight Seam,Thisara Perera,0
Pallekele,ODI,Right,5.5,Fast,Straight Seam,Thisara Perera,0
Pallekele,ODI,Right,5.6,Fast,Inswinger,Thisara Perera,2
Pallekele,ODI,Right,6.2,Fast,Straight Seam,Angelo Mathews,0
Pallekele,ODI,Right,6.3,Fast,Straight Seam,Angelo Mathews,0
Pallekele,ODI,Right,6.4,Fast,Straight Seam,Angelo Mathews,1
Pallekele,ODI,Right,7.1,Fast,Straight Seam,Thisara Perera,0
Pallekele,ODI,Right,7.2,Fast,Full Toss,Thisara Perera,0
Pallekele,ODI,Right,7.3,Fast,Inswinger,Thisara Perera,1
Pallekele,ODI,Right,7.5,Fast,Straight Seam,Thisara Perera,0
Pallekele,ODI,Right,7.6,Fast,Straight Seam,Thisara Perera,0
Pallekele,ODI,Right,8.2,Fast,Straight Seam,Angelo Mathews,0
Pallekele,ODI,Right,8.3,Fast,Straight Seam,Angelo Mathews,0
Pallekele,ODI,Right,8.4,Fast,Straight Seam,Angelo Mathews,4
Pallekele,ODI,Right,8.5,Fast,Straight Seam,Angelo Mathews,2
Pallekele,ODI,Right,8.6,Fast,Straight Seam,Angelo Mathews,0
Pallekele,ODI,Right,9.6,Fast,Inswinger,Thisara Perera,1
Pallekele,ODI,Right,10.1,Fast,Straight Seam,Angelo Mathews,2
Pallekele,ODI,Right,10.2,Fast,Straight Seam,Angelo Mathews,0
Pallekele,ODI,Right,10.3,Fast,Straight Seam,Angelo Mathews,0
Pallekele,ODI,Right,10.4,Fast,Inswinger,Angelo Mathews,1
Pallekele,ODI,Right,11.1,Fast,Straight Seam,Lasith Malinga,1
Pallekele,ODI,Right,11.3,Fast,Straight Seam,Lasith Malinga,4
Pallekele,ODI,Right,11.4,Fast,Straight Seam,Lasith Malinga,0
Pallekele,ODI,Right,11.5,Fast,Straight Seam,Lasith Malinga,0
Pallekele,ODI,Right,11.6,Fast,Straight Seam,Lasith Malinga,0
Pallekele,ODI,Right,12.5,Fast,Straight Seam,Nuwan Pradeep,0
Pallekele,ODI,Right,12.6,Fast,Straight Seam,Nuwan Pradeep,0
Pallekele,ODI,Right,13.2,Spin,Off Spin,Sachithra Senanayke,1
Pallekele,ODI,Right,13.4,Spin,Off Spin,Sachithra Senanayke,1
Pallekele,ODI,Right,14.1,Fast,Straight Seam,Nuwan Pradeep,2
Pallekele,ODI,Right,14.2,Fast,Straight Seam,Nuwan Pradeep,0
Pallekele,ODI,Right,14.3,Fast,Straight Seam,Nuwan Pradeep,W
Chennai,ODI,Left,5.4,Fast,Inswinger,Junaid Khan,W
Eden Garden,ODI,Left,9.6,Fast,Inswinger,Junaid Khan,0
Eden Garden,ODI,Left,10.2,Fast,Inswinger,Mohammad Irfan,0
Eden Garden,ODI,Left,10.3,Fast,Inswinger,Mohammad Irfan,2
Eden Garden,ODI,Left,10.4,Fast,Inswinger,Mohammad Irfan,0
Eden Garden,ODI,Left,10.5,Fast,Inswinger,Mohammad Irfan,4
Eden Garden,ODI,Left,10.6,Fast,Inswinger,Mohammad Irfan,0
Eden Garden,ODI,Left,11.4,Fast,Inswinger,Junaid Khan,0
Eden Garden,ODI,Left,11.5,Fast,Inswinger,Junaid Khan,0
Eden Garden,ODI,Left,11.6,Fast,Inswinger,Junaid Khan,W
Delhi,ODI,Right,4.4,Fast,Inswinger,Mohammad Irfan,4
Delhi,ODI,Right,4.5,Fast,Inswinger,Mohammad Irfan,0
Delhi,ODI,Right,4.6,Fast,Inswinger,Mohammad Irfan,1
Delhi,ODI,Left,5.1,Fast,Inswinger,Junaid Khan,0
Delhi,ODI,Left,5.2,Fast,Inswinger,Junaid Khan,0
Delhi,ODI,Left,5.3,Fast,Inswinger,Junaid Khan,0
Delhi,ODI,Left,5.4,Fast,Inswinger,Junaid Khan,0
Delhi,ODI,Left,5.5,Fast,Inswinger,Junaid Khan,0
Delhi,ODI,Left,5.6,Fast,Inswinger,Junaid Khan,0
Delhi,ODI,Left,7.1,Fast,Inswinger,Junaid Khan,0
Delhi,ODI,Left,7.2,Fast,Inswinger,Junaid Khan,0
Delhi,ODI,Left,7.3,Fast,Inswinger,Junaid Khan,1
Delhi,ODI,Right,8.1,Fast,Inswinger,Mohammad Irfan,0
Delhi,ODI,Right,8.2,Fast,Inswinger,Mohammad Irfan,1
Delhi,ODI,Left,9.1,Fast,Inswinger,Junaid Khan,0
Delhi,ODI,Left,9.2,Fast,Inswinger,Junaid Khan,0
Delhi,ODI,Left,9.3,Fast,Inswinger,Junaid Khan,W
Rajkot,ODI,Right,17.4,Spin,Off Spin,Joe Root ,1
Rajkot,ODI,Right,17.6,Spin,Off Spin,Joe Root ,0
Rajkot,ODI,Right,18.3,Spin,Off Spin,James Tredwell,1
Rajkot,ODI,Right,19.4,Spin,Off Spin,Joe Root ,0
Rajkot,ODI,Right,19.5,Spin,Off Spin,Joe Root ,0
Rajkot,ODI,Right,19.6,Spin,Off Spin,Joe Root ,0
Rajkot,ODI,Right,20.4,Spin,Off Spin,James Tredwell,1
Rajkot,ODI,Right,20.6,Spin,Off Spin,James Tredwell,1
Rajkot,ODI,Right,21.1,Fast,Straight Seam,Tim Bresnen,0
Rajkot,ODI,Right,21.2,Fast,Straight Seam,Tim Bresnen,1
Rajkot,ODI,Right,22.5,Fast,Straight Seam,Tim Bresnen,1
Rajkot,ODI,Right,22.6,Spin,Straight Seam,Joe Root ,4
Rajkot,ODI,Right,23.1,Spin,Off Spin,Joe Root ,1
Rajkot,ODI,Right,23.3,Fast,Off Spin,Tim Bresnen,0
Rajkot,ODI,Right,23.4,Fast,Straight Seam,Tim Bresnen,1
Rajkot,ODI,Right,23.6,Fast,Inswinger,Tim Bresnen,1
Rajkot,ODI,Right,24.1,Fast,Straight Seam,Jade Dernbach,0
Rajkot,ODI,Right,24.2,Fast,Straight Seam,Jade Dernbach,0
Rajkot,ODI,Right,24.3,Fast,Straight Seam,Jade Dernbach,1
Rajkot,ODI,Right,25.1,Fast,Inswinger,Tim Bresnen,0
Rajkot,ODI,Right,25.2,Fast,Straight Seam,Tim Bresnen,1
Rajkot,ODI,Right,25.4,Fast,Straight Seam,Tim Bresnen,W
Kochi,ODI,Right,4.6,Fast,Straight Seam,Steven Finn,0
Kochi,ODI,Right,5.3,Fast,Straight Seam,Jade Dernbach,0
Kochi,ODI,Right,5.4,Fast,Inswinger,Jade Dernbach,0
Kochi,ODI,Right,5.5,Fast,Straight Seam,Jade Dernbach,4
Kochi,ODI,Right,5.6,Fast,Outswinger,Jade Dernbach,0
Kochi,ODI,Right,6.4,Fast,Straight Seam,Steven Finn,0
Kochi,ODI,Right,6.5,Fast,Inswinger,Steven Finn,0
Kochi,ODI,Right,6.6,Fast,Straight Seam,Steven Finn,0
Kochi,ODI,Right,7.3,Fast,Inswinger,Jade Dernbach,1
Kochi,ODI,Right,7.6,Fast,Straight Seam,Jade Dernbach,1
Kochi,ODI,Right,8.1,Fast,Outswinger,Steven Finn,1
Kochi,ODI,Right,8.3,Fast,Straight Seam,Steven Finn,0
Kochi,ODI,Right,8.4,Fast,Outswinger,Steven Finn,1
Kochi,ODI,Right,9.1,Fast,Outswinger,Chirs Wokes,0
Kochi,ODI,Right,9.2,Fast,Straight Seam,Chirs Wokes,0
Kochi,ODI,Right,9.3,Fast,Outswinger,Chirs Wokes,0
Kochi,ODI,Right,9.4,Fast,Inswinger,Chirs Wokes,1
Kochi,ODI,Right,10.1,Fast,Straight Seam,Samit Patel,0
Kochi,ODI,Right,10.2,Fast,Inswinger,Samit Patel,1
Kochi,ODI,Right,10.4,Fast,Inswinger,Samit Patel,1
Kochi,ODI,Right,10.6,Fast,Straight Seam,Samit Patel,0
Kochi,ODI,Right,11.3,Fast,Outswinger,Chirs Wokes,1
Kochi,ODI,Right,11.6,Fast,Straight Seam,Chirs Wokes,0
Kochi,ODI,Right,13.1,Fast,Outswinger,Chirs Wokes,1
Kochi,ODI,Right,14.1,Fast,Outswinger,Samit Patel,1
Kochi,ODI,Right,14.2,Fast,Straight Seam,Samit Patel,0
Kochi,ODI,Right,14.3,Fast,Outswinger,Samit Patel,1
Kochi,ODI,Right,14.5,Fast,Outswinger,Samit Patel,1
Kochi,ODI,Right,16.1,Fast,Straight Seam,Samit Patel,0
Kochi,ODI,Right,16.2,Fast,Outswinger,Samit Patel,1
Kochi,ODI,Right,17.4,Spin,Off Spin,James Tredwell,0
Kochi,ODI,Right,17.5,Spin,Off Spin,James Tredwell,1
Kochi,ODI,Right,18.1,Fast,Straight Seam,Samit Patel,1
Kochi,ODI,Right,18.4,Fast,Outswinger,Samit Patel,0
Kochi,ODI,Right,18.5,Fast,Straight Seam,Samit Patel,0
Kochi,ODI,Right,18.6,Fast,Straight Seam,Samit Patel,1
Kochi,ODI,Right,19.1,Spin,Off Spin,James Tredwell,1
Kochi,ODI,Right,19.4,Spin,Outswinger,James Tredwell,1
Kochi,ODI,Right,20.1,Fast,Straight Seam,Samit Patel,0
Kochi,ODI,Right,20.2,Fast,Outswinger,Samit Patel,0
Kochi,ODI,Right,20.3,Fast,Outswinger,Samit Patel,1
Kochi,ODI,Right,20.6,Fast,Straight Seam,Samit Patel,0
Kochi,ODI,Right,21.2,Spin,Off Spin,James Tredwell,0
Kochi,ODI,Right,21.3,Spin,Off Spin,James Tredwell,1
Kochi,ODI,Right,21.6,Spin,Off Spin,James Tredwell,2
Kochi,ODI,Right,22.2,Fast,Outswinger,Samit Patel,1
Kochi,ODI,Right,22.6,Fast,Straight Seam,Samit Patel,6
Kochi,ODI,Right,23.3,Spin,Outswinger,James Tredwell,1
Kochi,ODI,Right,24.2,Fast,Outswinger,Samit Patel,0
Kochi,ODI,Right,24.3,Fast,Straight Seam,Samit Patel,1
Kochi,ODI,Right,25.1,Spin,Off Spin,James Tredwell,1
Kochi,ODI,Right,25.6,Spin,Off Spin,James Tredwell,1
Kochi,ODI,Right,26.1,Fast,Straight Seam,Chirs Wokes,0
Kochi,ODI,Right,26.2,Fast,Straight Seam,Chirs Wokes,W
Ranchi,ODI,Right,2.6,Fast,Inswinger,Steven Finn,0
Ranchi,ODI,Right,3.3,Fast,Straight Seam,Jade Dernbach,0
Ranchi,ODI,Right,3.4,Fast,Outswinger,Jade Dernbach,0
Ranchi,ODI,Right,3.5,Fast,Straight Seam,Jade Dernbach,1
Ranchi,ODI,Right,4.1,Fast,Inswinger,Steven Finn,0
Ranchi,ODI,Right,4.2,Fast,Straight Seam,Steven Finn,0
Ranchi,ODI,Right,4.3,Fast,Inswinger,Steven Finn,0
Ranchi,ODI,Right,4.4,Fast,Straight Seam,Steven Finn,1
Ranchi,ODI,Right,5.1,Fast,Outswinger,Jade Dernbach,0
Ranchi,ODI,Right,5.2,Fast,Straight Seam,Jade Dernbach,4
Ranchi,ODI,Right,5.3,Fast,Outswinger,Jade Dernbach,4
Ranchi,ODI,Right,5.4,Fast,Outswinger,Jade Dernbach,4
Ranchi,ODI,Right,5.5,Fast,Straight Seam,Jade Dernbach,0
Ranchi,ODI,Right,5.6,Fast,Outswinger,Jade Dernbach,0
Ranchi,ODI,Right,6.3,Fast,Inswinger,Steven Finn,1
Ranchi,ODI,Right,7.1,Fast,Straight Seam,Tim Bresnen,4
Ranchi,ODI,Right,7.2,Fast,Inswinger,Tim Bresnen,1
Ranchi,ODI,Right,7.4,Fast,Inswinger,Tim Bresnen,0
Ranchi,ODI,Right,7.5,Fast,Straight Seam,Tim Bresnen,1
Ranchi,ODI,Right,9.1,Fast,Straight Seam,Tim Bresnen,0
Ranchi,ODI,Right,9.2,Fast,Inswinger,Tim Bresnen,0
Ranchi,ODI,Right,9.3,Fast,Straight Seam,Tim Bresnen,1
Ranchi,ODI,Right,10.1,Fast,Straight Seam,Steven Finn,0
Ranchi,ODI,Right,10.2,Fast,Outswinger,Steven Finn,0
Ranchi,ODI,Right,10.3,Fast,Straight Seam,Steven Finn,4
Ranchi,ODI,Right,10.4,Fast,Inswinger,Steven Finn,4
Ranchi,ODI,Right,10.5,Fast,Straight Seam,Steven Finn,0
Ranchi,ODI,Right,10.6,Fast,Outswinger,Steven Finn,1
Ranchi,ODI,Right,11.1,Fast,Inswinger,Tim Bresnen,0
Ranchi,ODI,Right,11.2,Fast,Straight Seam,Tim Bresnen,0
Ranchi,ODI,Right,11.3,Fast,Inswinger,Tim Bresnen,0
Ranchi,ODI,Right,11.4,Fast,Inswinger,Tim Bresnen,0
Ranchi,ODI,Right,11.5,Fast,Straight Seam,Tim Bresnen,0
Ranchi,ODI,Right,11.6,Fast,Straight Seam,Tim Bresnen,0
Ranchi,ODI,Right,12.2,Fast,Inswinger,Steven Finn,0
Ranchi,ODI,Right,12.3,Fast,Straight Seam,Steven Finn,1
Ranchi,ODI,Right,14.1,Fast,Inswinger,Steven Finn,4
Ranchi,ODI,Right,14.2,Fast,Inswinger,Steven Finn,0
Ranchi,ODI,Right,14.3,Fast,Straight Seam,Steven Finn,2
Ranchi,ODI,Right,14.4,Fast,Straight Seam,Steven Finn,1
Ranchi,ODI,Right,15.3,Spin,Off Spin,James Tredwell,0
Ranchi,ODI,Right,15.4,Spin,Off Spin,James Tredwell,0
Ranchi,ODI,Right,15.5,Spin,Off Spin,James Tredwell,2
Ranchi,ODI,Right,15.6,Spin,Off Spin,James Tredwell,0
Ranchi,ODI,Right,16.3,Fast,Outswinger,Tim Bresnen,0
Ranchi,ODI,Right,16.4,Fast,Inswinger,Tim Bresnen,0
Ranchi,ODI,Right,16.5,Fast,Straight Seam,Tim Bresnen,0
Ranchi,ODI,Right,16.6,Fast,Inswinger,Tim Bresnen,0
Ranchi,ODI,Right,18.1,Fast,Inswinger,Tim Bresnen,0
Ranchi,ODI,Right,18.2,Fast,Straight Seam,Tim Bresnen,0
Ranchi,ODI,Right,18.3,Fast,Straight Seam,Tim Bresnen,4
Ranchi,ODI,Right,18.4,Fast,Straight Seam,Tim Bresnen,1
Ranchi,ODI,Right,19.1,Spin,Off Spin,James Tredwell,0
Ranchi,ODI,Right,19.2,Spin,Off Spin,James Tredwell,0
Ranchi,ODI,Right,19.3,Spin,Off Spin,James Tredwell,0
Ranchi,ODI,Right,19.4,Spin,Off Spin,James Tredwell,2
Ranchi,ODI,Right,19.5,Spin,Off Spin,James Tredwell,1
Ranchi,ODI,Right,20.1,Fast,Straight Seam,Tim Bresnen,2
Ranchi,ODI,Right,20.2,Fast,Inswinger,Tim Bresnen,1
Ranchi,ODI,Right,21.1,Spin,Off Spin,James Tredwell,0
Ranchi,ODI,Right,21.2,Spin,Off Spin,James Tredwell,0
Ranchi,ODI,Right,21.6,Spin,Off Spin,James Tredwell,6
Ranchi,ODI,Right,21.4,Spin,Off Spin,James Tredwell,1
Ranchi,ODI,Right,21.6,Spin,Off Spin,James Tredwell,1
Ranchi,ODI,Right,22.1,Fast,Inswinger,Jade Dernbach,1
Ranchi,ODI,Right,23.1,Spin,Off Spin,James Tredwell,1
Ranchi,ODI,Right,23.4,Spin,Off Spin,James Tredwell,0
Ranchi,ODI,Right,23.5,Spin,Off Spin,James Tredwell,6
Ranchi,ODI,Right,23.6,Spin,Off Spin,James Tredwell,0
Ranchi,ODI,Right,24.1,Fast,Straight Seam,Jade Dernbach,0
Ranchi,ODI,Right,24.2,Fast,Straight Seam,Jade Dernbach,4
Ranchi,ODI,Right,24.3,Fast,Straight Seam,Jade Dernbach,0
Ranchi,ODI,Right,24.4,Fast,Straight Seam,Jade Dernbach,1
Ranchi,ODI,Right,25.1,Spin,Off Spin,James Tredwell,0
Ranchi,ODI,Right,25.2,Spin,Off Spin,James Tredwell,1
Ranchi,ODI,Right,26.1,Fast,Straight Seam,Steven Finn,2
Ranchi,ODI,Right,26.2,Fast,Straight Seam,Steven Finn,0
Ranchi,ODI,Right,26.3,Fast,Straight Seam,Steven Finn,1
Ranchi,ODI,Right,26.6,Fast,Straight Seam,Steven Finn,0
Mohali,ODI,Right,5.4,Fast,Inswinger,Tim Bresnen,0
Mohali,ODI,Right,5.5,Fast,Straight Seam,Tim Bresnen,0
Mohali,ODI,Right,5.6,Fast,Outswinger,Tim Bresnen,0
Mohali,ODI,Right,6.5,Fast,Straight Seam,Steven Finn,0
Mohali,ODI,Right,6.6,Fast,Inswinger,Steven Finn,0
Mohali,ODI,Right,7.3,Fast,Straight Seam,Tim Bresnen,0
Mohali,ODI,Right,7.4,Fast,Inswinger,Tim Bresnen,0
Mohali,ODI,Right,7.5,Fast,Straight Seam,Tim Bresnen,2
Mohali,ODI,Right,7.6,Fast,Outswinger,Tim Bresnen,0
Mohali,ODI,Right,10.1,Fast,Straight Seam,Steven Finn,0
Mohali,ODI,Right,10.2,Fast,Outswinger,Steven Finn,0
Mohali,ODI,Right,10.3,Fast,Outswinger,Steven Finn,0
Mohali,ODI,Right,10.4,Fast,Straight Seam,Steven Finn,0
Mohali,ODI,Right,10.5,Fast,Outswinger,Steven Finn,1
Mohali,ODI,Right,11.1,Fast,Inswinger,Jade Dernbach,1
Mohali,ODI,Right,11.3,Fast,Straight Seam,Jade Dernbach,1
Mohali,ODI,Right,12.1,Fast,Inswinger,Samit Patel,0
Mohali,ODI,Right,12.2,Fast,Inswinger,Samit Patel,0
Mohali,ODI,Right,12.3,Fast,Straight Seam,Samit Patel,0
Mohali,ODI,Right,12.4,Fast,Straight Seam,Samit Patel,4
Mohali,ODI,Right,12.5,Fast,Inswinger,Samit Patel,2
Mohali,ODI,Right,12.6,Fast,Straight Seam,Samit Patel,1
Mohali,ODI,Right,13.1,Fast,Straight Seam,Jade Dernbach,4
Mohali,ODI,Right,13.2,Fast,Inswinger,Jade Dernbach,1
Mohali,ODI,Right,13.4,Fast,Straight Seam,Jade Dernbach,0
Mohali,ODI,Right,13.5,Fast,Outswinger,Jade Dernbach,0
Mohali,ODI,Right,13.6,Fast,Inswinger,Jade Dernbach,1
Mohali,ODI,Right,14.1,Fast,Straight Seam,Samit Patel,1
Mohali,ODI,Right,14.5,Fast,Outswinger,Samit Patel,4
Mohali,ODI,Right,15.3,Fast,Straight Seam,Jade Dernbach,1
Mohali,ODI,Right,15.4,Fast,Outswinger,Jade Dernbach,1
Mohali,ODI,Right,16.1,Spin,Off Spin,James Tredwell,1
Mohali,ODI,Right,16.5,Spin,Off Spin,James Tredwell,W
Dharamsala,ODI,Right,3.4,Fast,Straight Seam,Tim Bresnen,W
Cardiff,ODI,Right,21.3,Fast,Straight Seam,Ryan McLaren,0
Cardiff,ODI,Right,21.4,Fast,Straight Seam,Ryan McLaren,0
Cardiff,ODI,Right,21.5,Fast,Inswinger,Ryan McLaren,1
Cardiff,ODI,Right,22.3,Spin,Straight Seam,Keegan Petersen,1
Cardiff,ODI,Right,22.5,Spin,Leg Spin,Keegan Petersen,0
Cardiff,ODI,Right,22.6,Spin,Leg Spin,Keegan Petersen,0
Cardiff,ODI,Left,23.2,Fast,Outswinger,Lonwabo Tsotsobe,0
Cardiff,ODI,Left,23.3,Fast,Inswinger,Lonwabo Tsotsobe,1
Cardiff,ODI,Right,24.1,Fast,Straight Seam,Rory Kleinveldt,1
Cardiff,ODI,Right,24.3,Fast,Outswinger,Rory Kleinveldt,1
Cardiff,ODI,Right,24.6,Fast,Straight Seam,Rory Kleinveldt,0
Cardiff,ODI,Left,25.3,Fast,Outswinger,Lonwabo Tsotsobe,2
Cardiff,ODI,Left,25.4,Fast,Outswinger,Lonwabo Tsotsobe,0
Cardiff,ODI,Left,25.5,Fast,Inswinger,Lonwabo Tsotsobe,1
Cardiff,ODI,Left,26.1,Spin,Off Spin,JP Duminy,1
Cardiff,ODI,Left,26.4,Spin,Off Spin,JP Duminy,0
Cardiff,ODI,Left,26.6,Spin,Off Spin,JP Duminy,0
Cardiff,ODI,Right,27.3,Fast,Straight Seam,Rory Kleinveldt,2
Cardiff,ODI,Right,27.4,Fast,Straight Seam,Rory Kleinveldt,1
Cardiff,ODI,Right,27.5,Fast,Straight Seam,Rory Kleinveldt,1
Cardiff,ODI,Left,28.1,Spin,Off Spin,JP Duminy,0
Cardiff,ODI,Left,28.2,Spin,Off Spin,JP Duminy,0
Cardiff,ODI,Left,28.3,Spin,Off Spin,JP Duminy,0
Cardiff,ODI,Left,28.4,Spin,Off Spin,JP Duminy,0
Cardiff,ODI,Left,28.5,Spin,Off Spin,JP Duminy,1
Cardiff,ODI,Right,29.1,Fast,Straight Seam,Rory Kleinveldt,1
Cardiff,ODI,Right,29.5,Fast,Outswinger,Rory Kleinveldt,0
Cardiff,ODI,Right,29.6,Fast,Outswinger,Rory Kleinveldt,0
Cardiff,ODI,Left,30.3,Spin,Off Spin,JP Duminy,0
Cardiff,ODI,Left,30.4,Spin,Off Spin,JP Duminy,0
Cardiff,ODI,Left,30.5,Spin,Off Spin,JP Duminy,1
Cardiff,ODI,Right,31.1,Fast,Straight Seam,Rory Kleinveldt,1
Cardiff,ODI,Right,31.3,Fast,Inswinger,Rory Kleinveldt,1
Cardiff,ODI,Left,32.1,Spin,Off Spin,JP Duminy,2
Cardiff,ODI,Left,32.2,Spin,Off Spin,JP Duminy,1
Cardiff,ODI,Left,32.6,Spin,Off Spin,JP Duminy,1
Cardiff,ODI,Right,33.1,Fast,Outswinger,Morne Morkel,4
Cardiff,ODI,Right,33.2,Fast,Straight Seam,Morne Morkel,4
Cardiff,ODI,Right,33.3,Fast,Inswinger,Morne Morkel,1
Cardiff,ODI,Right,33.6,Fast,Straight Seam,Morne Morkel,0
Cardiff,ODI,Left,34.2,Fast,Inswinger,Lonwabo Tsotsobe,W
The Oval,ODI,Right,15.4,Spin,Off Spin,Sunil Narine,4
The Oval,ODI,Right,15.5,Spin,Off Spin,Sunil Narine,1
The Oval,ODI,Right,16.1,Fast,Straight Seam,Ravi Rampaul,0
The Oval,ODI,Right,16.2,Fast,Straight Seam,Ravi Rampaul,1
The Oval,ODI,Right,16.5,Fast,Straight Seam,Ravi Rampaul,0
The Oval,ODI,Right,16.6,Fast,Straight Seam,Ravi Rampaul,0
The Oval,ODI,Right,17.5,Spin,Off Spin,Sunil Narine,4
The Oval,ODI,Right,17.6,Spin,Off Spin,Sunil Narine,0
The Oval,ODI,Right,18.2,Fast,Straight Seam,Ravi Rampaul,4
The Oval,ODI,Right,18.3,Fast,Straight Seam,Ravi Rampaul,0
The Oval,ODI,Right,18.4,Fast,Straight Seam,Ravi Rampaul,0
The Oval,ODI,Right,18.5,Fast,Straight Seam,Ravi Rampaul,0
The Oval,ODI,Right,18.6,Fast,Straight Seam,Ravi Rampaul,4
The Oval,ODI,Right,19.2,Spin,Off Spin,Sunil Narine,2
The Oval,ODI,Right,19.3,Spin,Off Spin,Sunil Narine,0
The Oval,ODI,Right,19.4,Spin,Off Spin,Sunil Narine,0
The Oval,ODI,Right,19.5,Spin,Off Spin,Sunil Narine,0
The Oval,ODI,Right,19.6,Spin,Doosra,Sunil Narine,W
Birmingham,ODI,Right,11.4,Spin,Off Spin,Mohammad Hafeez,1
Birmingham,ODI,Right,12.1,Fast,Outswinger,Wahab Riaz,0
Birmingham,ODI,Right,12.2,Fast,Straight Seam,Wahab Riaz,0
Birmingham,ODI,Right,12.3,Fast,Inswinger,Wahab Riaz,2
Birmingham,ODI,Right,12.4,Fast,Straight Seam,Wahab Riaz,0
Birmingham,ODI,Right,12.5,Fast,Inswinger,Wahab Riaz,0
Birmingham,ODI,Right,12.6,Fast,Straight Seam,Wahab Riaz,1
Birmingham,ODI,Right,13.1,Spin,Off Spin,Saeed Ajmal,0
Birmingham,ODI,Right,13.2,Spin,Off Spin,Saeed Ajmal,0
Birmingham,ODI,Right,13.3,Spin,Off Spin,Saeed Ajmal,1
Birmingham,ODI,Right,13.6,Spin,Off Spin,Saeed Ajmal,0
Birmingham,ODI,Right,15.1,Spin,Off Spin,Saeed Ajmal,0
Birmingham,ODI,Right,15.2,Spin,Off Spin,Saeed Ajmal,0
Birmingham,ODI,Right,15.3,Spin,Off Spin,Saeed Ajmal,1
Birmingham,ODI,Right,15.5,Spin,Off Spin,Saeed Ajmal,4
Birmingham,ODI,Right,15.6,Spin,Off Spin,Saeed Ajmal,1
Birmingham,ODI,Right,16.1,Fast,Straight Seam,Wahab Riaz,0
Birmingham,ODI,Right,16.2,Fast,Straight Seam,Wahab Riaz,1
Birmingham,ODI,Right,16.4,Fast,Straight Seam,Wahab Riaz,0
Birmingham,ODI,Right,16.5,Fast,Straight Seam,Wahab Riaz,1
Birmingham,ODI,Right,17.1,Spin,Off Spin,Saeed Ajmal,0
Birmingham,ODI,Right,17.2,Spin,Off Spin,Saeed Ajmal,1
Birmingham,ODI,Right,17.3,Spin,Off Spin,Saeed Ajmal,4
Birmingham,ODI,Right,17.4,Spin,Off Spin,Saeed Ajmal,0
Birmingham,ODI,Right,17.5,Spin,Off Spin,Saeed Ajmal,0
Birmingham,ODI,Right,18.5,Fast,Straight Seam,Wahab Riaz,0
Birmingham,ODI,Right,18.6,Fast,Straight Seam,Wahab Riaz,4
Cardiff,ODI,Left,17.2,Spin,Topspin ,Rangana Herath,0
Cardiff,ODI,Left,17.3,Spin,Topspin ,Rangana Herath,0
Cardiff,ODI,Left,17.4,Spin,Topspin ,Rangana Herath,0
Cardiff,ODI,Left,17.5,Spin,Topspin ,Rangana Herath,1
Cardiff,ODI,Right,18.3,Fast,Straight Seam,Angelo Mathews,0
Cardiff,ODI,Right,18.4,Fast,Straight Seam,Angelo Mathews,0
Cardiff,ODI,Right,18.5,Fast,Straight Seam,Angelo Mathews,1
Cardiff,ODI,Left,19.1,Spin,Topspin ,Rangana Herath,0
Cardiff,ODI,Left,19.2,Spin,Topspin ,Rangana Herath,0
Cardiff,ODI,Left,19.3,Spin,Topspin ,Rangana Herath,0
Cardiff,ODI,Left,19.4,Spin,Topspin ,Rangana Herath,0
Cardiff,ODI,Left,19.5,Spin,Topspin ,Rangana Herath,3
Cardiff,ODI,Right,20.1,Fast,Bouncer,Angelo Mathews,0
Cardiff,ODI,Right,20.2,Fast,Straight Seam,Angelo Mathews,0
Cardiff,ODI,Right,20.3,Fast,Straight Seam,Angelo Mathews,0
Cardiff,ODI,Right,20.4,Fast,Straight Seam,Angelo Mathews,2
Cardiff,ODI,Right,20.5,Fast,Straight Seam,Angelo Mathews,0
Cardiff,ODI,Right,20.6,Fast,Straight Seam,Angelo Mathews,0
Cardiff,ODI,Left,21.2,Spin,Topspin ,Rangana Herath,0
Cardiff,ODI,Left,21.3,Spin,Topspin ,Rangana Herath,1
Cardiff,ODI,Left,21.5,Spin,Topspin ,Rangana Herath,0
Cardiff,ODI,Left,21.6,Spin,Topspin ,Rangana Herath,0
Cardiff,ODI,Right,22.2,Fast,Inswinger,Lasith Malinga,1
Cardiff,ODI,Right,22.4,Fast,Bouncer,Lasith Malinga,2
Cardiff,ODI,Right,22.5,Fast,Outswinger,Lasith Malinga,1
Cardiff,ODI,Left,23.5,Spin,Topspin ,Rangana Herath,0
Cardiff,ODI,Left,23.6,Spin,Topspin ,Rangana Herath,1
Cardiff,ODI,Right,24.1,Fast,Inswinger,Lasith Malinga,0
Cardiff,ODI,Right,24.2,Fast,Inswinger,Lasith Malinga,0
Cardiff,ODI,Right,24.3,Fast,Inswinger,Lasith Malinga,0
Cardiff,ODI,Right,24.4,Fast,Straight Seam,Lasith Malinga,1
Cardiff,ODI,Right,25.3,Fast,Inswinger,Nuwan Kulasekara,0
Cardiff,ODI,Right,25.4,Fast,Yorker,Nuwan Kulasekara,1
Cardiff,ODI,Right,26.1,Fast,Yorker,Lasith Malinga,1
Cardiff,ODI,Right,26.3,Fast,Bouncer,Lasith Malinga,0
Cardiff,ODI,Right,26.4,Fast,Outswinger,Lasith Malinga,1
Cardiff,ODI,Right,27.3,Fast,Straight Seam,Thisara Perera,0
Cardiff,ODI,Right,27.4,Fast,Slower Ball,Thisara Perera,1
Cardiff,ODI,Right,28.2,Fast,Straight Seam,Nuwan Kulasekara,0
Cardiff,ODI,Right,28.3,Fast,Straight Seam,Nuwan Kulasekara,0
Cardiff,ODI,Right,28.4,Fast,Yorker,Nuwan Kulasekara,0
Cardiff,ODI,Right,28.5,Fast,Full Toss,Nuwan Kulasekara,4
Cardiff,ODI,Right,28.6,Fast,Inswinger,Nuwan Kulasekara,0
Cardiff,ODI,Right,29.4,Spin,Leg Spin,Jeevan Mendis,1
Cardiff,ODI,Right,29.6,Spin,Leg Spin,Jeevan Mendis,4
Cardiff,ODI,Right,30.3,Fast,Outswinger,Nuwan Kulasekara,1
Cardiff,ODI,Right,30.5,Fast,Outswinger,Nuwan Kulasekara,1
Cardiff,ODI,Right,31.2,Spin,Leg Spin,Jeevan Mendis,0
Cardiff,ODI,Right,31.3,Spin,Leg Spin,Jeevan Mendis,1
Cardiff,ODI,Right,32.1,Fast,Yorker,Lasith Malinga,4
Cardiff,ODI,Right,32.2,Fast,Yorker,Lasith Malinga,0
Cardiff,ODI,Right,32.3,Fast,Slower Ball,Lasith Malinga,2
Cardiff,ODI,Right,32.4,Fast,Full Toss,Lasith Malinga,0
Cardiff,ODI,Right,32.5,Fast,Bouncer,Lasith Malinga,4
Cardiff,ODI,Right,32.6,Fast,Inswinger,Lasith Malinga,1
Cardiff,ODI,Right,33.1,Spin,Googly,Jeevan Mendis,2
Cardiff,ODI,Right,33.2,Spin,Leg Spin,Jeevan Mendis,2
Cardiff,ODI,Right,33.3,Spin,Leg Spin,Jeevan Mendis,6
Cardiff,ODI,Right,33.4,Spin,Leg Spin,Jeevan Mendis,0
Cardiff,ODI,Right,33.5,Spin,Leg Spin,Jeevan Mendis,2
Cardiff,ODI,Right,33.6,Spin,Leg Spin,Jeevan Mendis,1
Cardiff,ODI,Right,34.1,Fast,Inswinger,Lasith Malinga,1
Cardiff,ODI,Right,34.3,Fast,Yorker,Lasith Malinga,2
Cardiff,ODI,Right,34.4,Fast,Bouncer,Lasith Malinga,1
